PORT_ID,SEQ,CAPTION,URL
CL0405,1,Georgetown Cayman Islands,https://media.thomson.co.uk/asset/lpp/v01/022/976.jpg
CL0405,2,Seven mile beach Grand Cayman Cayman Island,https://media.thomson.co.uk/asset/lpp/v01/031/965.jpg
CL0405,3,Georgetown Cayman Islands,https://media.thomson.co.uk/asset/lpp/v01/198/526.jpg
CL0405,4,Seven mile beach Grand Cayman Cayman Island,https://media.thomson.co.uk/asset/lpp/v01/072/615.jpg
002266,1,Riga Latvia,https://media.thomson.co.uk/asset/lpp/v01/114/651.jpg
002266,2,Old Town Riga Latvia,https://media.thomson.co.uk/asset/lpp/v01/114/703.jpg
002266,3,Old Town Riga Latvia,https://media.thomson.co.uk/asset/lpp/v01/114/621.jpg
002266,4,Riga Latvia,https://media.thomson.co.uk/asset/lpp/v01/049/560.jpg
002266,5,Riga Latvia,https://media.thomson.co.uk/asset/lpp/v01/114/667.jpg
002266,6,Riga Castle Latvia,https://media.thomson.co.uk/asset/lpp/v01/031/813.jpg
002266,7,Riga Latvia,https://media.thomson.co.uk/asset/lpp/v01/114/733.jpg
002266,8,Old Town Riga Latvia,https://media.thomson.co.uk/asset/lpp/v01/114/641.jpg
002266,9,Riga Latvia,https://media.thomson.co.uk/asset/lpp/v00/932/216.jpg
002266,10,Old Town Riga Latvia,https://media.thomson.co.uk/asset/lpp/v01/114/695.jpg
002050,1,Ibiza Town Ibiza Spain,https://media.thomson.co.uk/asset/lpp/v01/087/138.jpg
002050,2,Old Town Ibiza Spain,https://media.thomson.co.uk/asset/lpp/v01/087/114.jpg
002050,3,Ibiza Town Ibiza Spain,https://media.thomson.co.uk/asset/lpp/v01/050/182.jpg
002050,4,Old Town Ibiza Spain,https://media.thomson.co.uk/asset/lpp/v01/087/122.jpg
002050,5,Ibiza Town Ibiza Spain,https://media.thomson.co.uk/asset/lpp/v01/087/120.jpg
002050,6,Ibiza Town Castle Ibiza Spain,https://media.thomson.co.uk/asset/lpp/v01/087/130.jpg
002050,7,Ibiza Town Ibiza Spain,https://media.thomson.co.uk/asset/lpp/v01/087/098.jpg
002050,8,Ibiza Town Ibiza Spain,https://media.thomson.co.uk/asset/lpp/v01/050/184.jpg
002050,9,Ibiza Town Ibiza Spain,https://media.thomson.co.uk/asset/lpp/v01/224/157.jpg
002050,12,Ibiza Town Ibiza Spain,https://media.thomson.co.uk/asset/lpp/v01/224/145.jpg
002050,13,Ibiza Town Ibiza Spain,https://media.thomson.co.uk/asset/lpp/v01/224/149.jpg
002050,14,Ibiza Town Ibiza Spain,https://media.thomson.co.uk/asset/lpp/v01/224/151.jpg
002050,15,Pacha Ibiza Town Ibiza Spain,https://media.thomson.co.uk/asset/lpp/v01/211/735.jpg
002050,16,Ibiza Town Ibiza Spain,https://media.thomson.co.uk/asset/lpp/v01/224/153.jpg
002050,17,Ibiza Town Ibiza Spain,https://media.thomson.co.uk/asset/lpp/v01/224/155.jpg
002050,19,Ibiza Town Ibiza Spain,https://media.thomson.co.uk/asset/lpp/v01/224/159.jpg
002050,20,Ibiza Town Ibiza Spain,https://media.thomson.co.uk/asset/lpp/v01/224/161.jpg
002050,21,Ibiza Town Ibiza Spain,https://media.thomson.co.uk/asset/lpp/v01/224/163.jpg
002050,22,Ibiza Town Ibiza Spain,https://media.thomson.co.uk/asset/lpp/v01/224/165.jpg
002050,23,Ibiza Town Ibiza Spain,https://media.thomson.co.uk/asset/lpp/v01/224/167.jpg
002050,24,Ibiza Town Ibiza Spain,https://media.thomson.co.uk/asset/lpp/v01/224/169.jpg
002050,25,Ibiza Town Ibiza Spain,https://media.thomson.co.uk/asset/lpp/v01/224/171.jpg
002050,26,Ibiza Town Ibiza Spain,https://media.thomson.co.uk/asset/lpp/v01/224/179.jpg
002050,27,Ibiza Town Ibiza Spain,https://media.thomson.co.uk/asset/lpp/v01/224/181.jpg
002050,28,Ibiza Town Ibiza Spain,https://media.thomson.co.uk/asset/lpp/v01/224/183.jpg
002050,29,Ibiza Town Ibiza Spain,https://media.thomson.co.uk/asset/lpp/v01/224/185.jpg
002050,30,Ibiza Town Ibiza Spain,https://media.thomson.co.uk/asset/lpp/v01/197/716.jpg
002101,1,,https://media.thomson.co.uk/asset/lpp/v01/030/129.jpg
002101,2,Angthong National Marine Park Thailand,https://media.thomson.co.uk/asset/lpp/v01/031/885.jpg
002101,3,,https://media.thomson.co.uk/asset/lpp/v01/177/813.jpg
002101,4,,https://media.thomson.co.uk/asset/lpp/v01/177/839.jpg
002101,5,,https://media.thomson.co.uk/asset/lpp/v01/177/841.jpg
002101,6,,https://media.thomson.co.uk/asset/lpp/v00/481/117.jpg
002101,7,,https://media.thomson.co.uk/asset/lpp/v01/031/845.jpg
002101,8,Ang Thong National Park Thailand,https://media.thomson.co.uk/asset/lpp/v01/022/434.jpg
002101,9,,https://media.thomson.co.uk/asset/lpp/v01/031/995.jpg
002101,10,Big Buddha temple Koh Samui Thailand,https://media.thomson.co.uk/asset/lpp/v01/022/338.jpg
002101,11,,https://media.thomson.co.uk/asset/lpp/v01/031/867.jpg
000719,1,,https://media.thomson.co.uk/asset/lpp/v01/178/074.jpg
000719,2,Nelson statue Bridgetown Barbados,https://media.thomson.co.uk/asset/lpp/v00/831/749.jpg
000719,3,Parliament building Bridgetown Barbados,https://media.thomson.co.uk/asset/lpp/v00/831/741.jpg
000719,4,,https://media.thomson.co.uk/asset/lpp/v01/237/268.jpg
000719,5,,https://media.thomson.co.uk/asset/lpp/v01/237/266.jpg
000719,6,,https://media.thomson.co.uk/asset/lpp/v01/027/340.jpg
000719,7,,https://media.thomson.co.uk/asset/lpp/v01/027/358.jpg
000719,8,Nelson statue Bridgetown Barbados,https://media.thomson.co.uk/asset/lpp/v00/831/743.jpg
000719,9,Parliment building Bridgetown Barbados,https://media.thomson.co.uk/asset/lpp/v01/027/342.jpg
000719,10,Bridgetown Barbados,https://media.thomson.co.uk/asset/lpp/v01/178/058.jpg
000719,11,St Marys Church Bridgetown Barbados,https://media.thomson.co.uk/asset/lpp/v00/831/635.jpg
000719,12,,https://media.thomson.co.uk/asset/lpp/v00/831/755.jpg
000804,1,Chania Crete,https://media.thomson.co.uk/asset/lpp/v01/025/471.jpg
000804,2,Venetian harbour Chania Crete,https://media.thomson.co.uk/asset/lpp/v01/187/292.jpg
000804,3,Chania Crete,https://media.thomson.co.uk/asset/lpp/v01/121/507.jpg
000804,4,Chania Crete,https://media.thomson.co.uk/asset/lpp/v01/121/495.jpg
000804,5,Chania Crete,https://media.thomson.co.uk/asset/lpp/v01/188/066.jpg
000804,6,Rethymnon Crete,https://media.thomson.co.uk/asset/lpp/v01/187/410.jpg
000804,7,Venetian fortress Rethymnon Crete,https://media.thomson.co.uk/asset/lpp/v01/049/034.jpg
000804,8,Chania Cathedral Crete,https://media.thomson.co.uk/asset/lpp/v01/121/519.jpg
000804,9,Chania Crete,https://media.thomson.co.uk/asset/lpp/v01/121/515.jpg
000804,10,Chania Crete,https://media.thomson.co.uk/asset/lpp/v01/121/485.jpg
000013,1,St Johns Antigua,https://media.thomson.co.uk/asset/lpp/v00/886/369.jpg
000013,2,St Johns Antigua,https://media.thomson.co.uk/asset/lpp/v00/982/551.jpg
000013,3,St Johns Antigua,https://media.thomson.co.uk/asset/lpp/v00/968/869.jpg
000013,4,St Johns Antigua,https://media.thomson.co.uk/asset/lpp/v01/072/177.jpg
000013,5,St Johns Antigua,https://media.thomson.co.uk/asset/lpp/v01/135/978.jpg
000013,6,St Johns Antigua,https://media.thomson.co.uk/asset/lpp/v01/028/612.jpg
000013,7,St Johns Antigua,https://media.thomson.co.uk/asset/lpp/v01/126/090.jpg
001913,1,El Capitolio Nacional Havana,https://media.thomson.co.uk/asset/lpp/v01/104/982.jpg
001913,2,El Capitolio Nacional Havana,https://media.thomson.co.uk/asset/lpp/v00/737/553.jpg
001913,3,Havana Cuba,https://media.thomson.co.uk/asset/lpp/v01/114/541.jpg
001913,4,Revolution Square Havana,https://media.thomson.co.uk/asset/lpp/v00/874/174.jpg
001913,5,Havana Cuba,https://media.thomson.co.uk/asset/lpp/v01/114/529.jpg
001913,6,Great Theatre Havana Cuba,https://media.thomson.co.uk/asset/lpp/v00/920/494.jpg
001913,7,El Capitolio Nacional Havana,https://media.thomson.co.uk/asset/lpp/v01/114/511.jpg
001913,8,Havana Cuba,https://media.thomson.co.uk/asset/lpp/v01/114/547.jpg
001913,9,Havana Cuba,https://media.thomson.co.uk/asset/lpp/v00/982/507.jpg
001913,10,Havana Cuba,https://media.thomson.co.uk/asset/lpp/v01/255/611.jpg
001913,11,Great Theatre Havana Cuba,https://media.thomson.co.uk/asset/lpp/v01/114/515.jpg
001913,12,Habana Vieja Cuba,https://media.thomson.co.uk/asset/lpp/v00/874/180.jpg
001913,13,Havana Cuba,https://media.thomson.co.uk/asset/lpp/v00/920/500.jpg
001913,14,Central square Havana Cuba,https://media.thomson.co.uk/asset/lpp/v00/874/182.jpg
000718,1,,https://media.thomson.co.uk/asset/lpp/v01/342/874.jpg
000718,2,,https://media.thomson.co.uk/asset/lpp/v01/342/876.jpg
000718,3,Corfu Town Greece,https://media.thomson.co.uk/asset/lpp/v01/114/317.jpg
000718,4,Corfu Town Greece,https://media.thomson.co.uk/asset/lpp/v01/114/321.jpg
000718,5,Corfu Town Greece,https://media.thomson.co.uk/asset/lpp/v01/114/395.jpg
000718,6,Corfu Town Greece,https://media.thomson.co.uk/asset/lpp/v01/114/325.jpg
000718,7,The Liston Corfu Town Greece,https://media.thomson.co.uk/asset/lpp/v01/040/624.jpg
000718,8,Old Fort Castle Corfu Greece,https://media.thomson.co.uk/asset/lpp/v01/114/687.jpg
000718,9,Corfu Town Greece,https://media.thomson.co.uk/asset/lpp/v01/114/323.jpg
000718,10,Corfu Town Greece,https://media.thomson.co.uk/asset/lpp/v01/114/319.jpg
000718,11,Corfu Town Greece,https://media.thomson.co.uk/asset/lpp/v00/995/031.jpg
000718,12,Corfu Town Greece,https://media.thomson.co.uk/asset/lpp/v01/047/849.jpg
000718,13,Corfu Town Greece,https://media.thomson.co.uk/asset/lpp/v01/079/688.jpg
001002,1,Rock of Gibraltar,https://media.thomson.co.uk/asset/lpp/v01/027/350.jpg
001002,2,Gibraltar,https://media.thomson.co.uk/asset/lpp/v00/886/147.jpg
001002,3,,https://media.thomson.co.uk/asset/lpp/v01/018/359.jpg
001002,4,Rock of Gibraltar,https://media.thomson.co.uk/asset/lpp/v01/114/507.jpg
001002,5,Gibraltar,https://media.thomson.co.uk/asset/lpp/v01/027/346.jpg
001002,6,Rock of Gibraltar,https://media.thomson.co.uk/asset/lpp/v01/114/517.jpg
001002,7,Rock of Gibraltar,https://media.thomson.co.uk/asset/lpp/v01/103/201.jpg
001002,8,Gibraltar,https://media.thomson.co.uk/asset/lpp/v01/114/499.jpg
001002,9,,https://media.thomson.co.uk/asset/lpp/v00/321/831.jpg
001002,10,Rock of Gibraltar,https://media.thomson.co.uk/asset/lpp/v01/114/007.jpg
001002,11,Gibraltar,https://media.thomson.co.uk/asset/lpp/v01/175/760.jpg
001002,12,Lighthouse Gibraltar,https://media.thomson.co.uk/asset/lpp/v01/114/523.jpg
001002,13,Rock of Gibraltar,https://media.thomson.co.uk/asset/lpp/v00/565/111.jpg
000666,1,Ancient Acropolis Athens Greece,https://media.thomson.co.uk/asset/lpp/v01/124/152.jpg
000666,2,Statue of Acropolis Athens Greece,https://media.thomson.co.uk/asset/lpp/v01/160/490.jpg
000666,3,Lycabettus Mount Athens Greece,https://media.thomson.co.uk/asset/lpp/v01/034/831.jpg
000666,4,Ancient Greek Theatre Athens Greece,https://media.thomson.co.uk/asset/lpp/v01/029/983.jpg
000666,5,Athens Greece,https://media.thomson.co.uk/asset/lpp/v01/192/281.jpg
000666,6,Temple of Olympian Zeus Athens Greece,https://media.thomson.co.uk/asset/lpp/v01/124/404.jpg
000666,7,Ancient Acropolis Athens Greece,https://media.thomson.co.uk/asset/lpp/v00/905/980.jpg
000666,8,Lycabettus Mount Athens Greece,https://media.thomson.co.uk/asset/lpp/v01/192/277.jpg
000531,1,Lisbon Portugal,https://media.thomson.co.uk/asset/lpp/v01/131/681.jpg
000531,2,Monument of Discoveries Lisbon Portugal,https://media.thomson.co.uk/asset/lpp/v01/017/383.jpg
000531,3,Commerce Square Lisbon Portugal,https://media.thomson.co.uk/asset/lpp/v01/131/679.jpg
000531,4,Rossio Square Lisbon Portugal,https://media.thomson.co.uk/asset/lpp/v01/082/696.jpg
000531,5,Belem Tower Lisbon Portugal,https://media.thomson.co.uk/asset/lpp/v01/017/387.jpg
000531,6,Monument of Discoveries Lisbon Portugal,https://media.thomson.co.uk/asset/lpp/v01/131/677.jpg
000531,7,Church Lisbon Portugal,https://media.thomson.co.uk/asset/lpp/v01/131/741.jpg
000531,8,Baixa Libson Portugal,https://media.thomson.co.uk/asset/lpp/v01/131/683.jpg
000531,9,Rossio Square and King Pedro IV monument Lison Portugal,https://media.thomson.co.uk/asset/lpp/v01/131/687.jpg
000531,10,Alfama Lisbon Portugal,https://media.thomson.co.uk/asset/lpp/v01/131/739.jpg
000654,1,,https://media.thomson.co.uk/asset/lpp/v01/256/025.jpg
000654,2,Castel SantAngelo Rome Italy,https://media.thomson.co.uk/asset/lpp/v01/127/120.jpg
000654,3,Roman ruins Italy,https://media.thomson.co.uk/asset/lpp/v01/066/381.jpg
000654,4,The Trevi Fountain Rome Italy,https://media.thomson.co.uk/asset/lpp/v00/958/087.jpg
000654,5,Colosseum Rome Italy,https://media.thomson.co.uk/asset/lpp/v01/080/778.jpg
000654,6,Rome Italy,https://media.thomson.co.uk/asset/lpp/v01/127/118.jpg
000654,7,St.Peters Cathedral Rome Italy,https://media.thomson.co.uk/asset/lpp/v01/104/730.jpg
000654,8,St.Peters Cathedral Rome Italy,https://media.thomson.co.uk/asset/lpp/v01/114/637.jpg
000654,9,Rome Italy,https://media.thomson.co.uk/asset/lpp/v00/958/077.jpg
000654,10,Spanish Steps Rome,https://media.thomson.co.uk/asset/lpp/v00/933/695.jpg
000654,11,Piazza Navona Rome Italy,https://media.thomson.co.uk/asset/lpp/v01/114/625.jpg
000654,12,Vatican City Rome Italy,https://media.thomson.co.uk/asset/lpp/v00/464/450.jpg
000654,13,St.Peters Cathedral Rome Italy,https://media.thomson.co.uk/asset/lpp/v01/124/370.jpg
000867,1,Argostoli Kefalonia,https://media.thomson.co.uk/asset/lpp/v01/168/925.jpg
000867,2,Theodore Lighthouse Argostoli Kefalonia,https://media.thomson.co.uk/asset/lpp/v01/168/923.jpg
000867,3,Argostoli Kefalonia,https://media.thomson.co.uk/asset/lpp/v00/793/670.jpg
000867,4,Argostoli Kefalonia,https://media.thomson.co.uk/asset/lpp/v01/168/931.jpg
000867,5,Theodore Lighthouse Argostoli Kefalonia,https://media.thomson.co.uk/asset/lpp/v01/168/921.jpg
000867,6,Obelisk Argostoli Kefalonia,https://media.thomson.co.uk/asset/lpp/v01/168/929.jpg
000867,7,Theodore Lighthouse Argostoli Kefalonia,https://media.thomson.co.uk/asset/lpp/v00/793/696.jpg
000867,8,Argostoli Kefalonia,https://media.thomson.co.uk/asset/lpp/v00/793/678.jpg
000543,1,Langkawi Malaysia,https://media.thomson.co.uk/asset/lpp/v01/354/190.jpg
000543,2,Sky Bridge Langkawi Malaysia,https://media.thomson.co.uk/asset/lpp/v01/361/532.jpg
000543,3,Eagle Square near Kuah Port Langkawi Malaysia,https://media.thomson.co.uk/asset/lpp/v01/361/494.jpg
000543,4,Telaga Tujuh waterfalls Malaysia,https://media.thomson.co.uk/asset/lpp/v01/361/556.jpg
000543,5,,https://media.thomson.co.uk/asset/lpp/v01/382/665.jpg
000543,6,,https://media.thomson.co.uk/asset/lpp/v01/382/659.jpg
000545,1,Peace Temple Penang Malaysia,https://media.thomson.co.uk/asset/lpp/v01/357/819.jpg
000545,2,Lok-Lok street food George Town Penang Malaysia,https://media.thomson.co.uk/asset/lpp/v01/361/490.jpg
000545,3,Penang Hill Malaysia,https://media.thomson.co.uk/asset/lpp/v01/361/520.jpg
000570,1,,https://media.thomson.co.uk/asset/lpp/v01/370/708.jpg
000570,2,Grand Harbour Valetta Malta,https://media.thomson.co.uk/asset/lpp/v01/071/575.jpg
000570,3,St Pauls Cathedral Malta,https://media.thomson.co.uk/asset/lpp/v01/071/487.jpg
000570,4,Valletta Malta,https://media.thomson.co.uk/asset/lpp/v01/192/229.jpg
000570,5,Valletta harbour Malta,https://media.thomson.co.uk/asset/lpp/v01/126/048.jpg
000570,6,Valletta Malta,https://media.thomson.co.uk/asset/lpp/v01/126/052.jpg
000570,7,Valletta Malta,https://media.thomson.co.uk/asset/lpp/v01/192/231.jpg
000570,8,Fort St. Michael Valletta Malta,https://media.thomson.co.uk/asset/lpp/v01/192/223.jpg
000570,9,Valletta Malta,https://media.thomson.co.uk/asset/lpp/v01/192/233.jpg
000570,10,Valletta harbour Malta,https://media.thomson.co.uk/asset/lpp/v01/071/573.jpg
000676,1,Sorrento Italy,https://media.thomson.co.uk/asset/lpp/v01/104/235.jpg
000676,2,Sorrento Italy,https://media.thomson.co.uk/asset/lpp/v01/069/677.jpg
000676,3,Sorrento Italy,https://media.thomson.co.uk/asset/lpp/v01/069/703.jpg
000676,4,Sorrento Italy,https://media.thomson.co.uk/asset/lpp/v00/958/085.jpg
000676,5,Sorrento Italy,https://media.thomson.co.uk/asset/lpp/v00/807/093.jpg
000676,6,Sorrento Italy,https://media.thomson.co.uk/asset/lpp/v01/069/665.jpg
000676,7,Sorrento Italy,https://media.thomson.co.uk/asset/lpp/v00/958/073.jpg
000945,1,Skiathos,https://media.thomson.co.uk/asset/lpp/v01/191/704.jpg
000945,2,Skiathos Town,https://media.thomson.co.uk/asset/lpp/v00/813/795.jpg
000945,3,Megali Ammos Beach Skiathos,https://media.thomson.co.uk/asset/lpp/v01/123/813.jpg
000945,4,Skiathos Town,https://media.thomson.co.uk/asset/lpp/v00/814/472.jpg
000945,5,Kastro Skiathos,https://media.thomson.co.uk/asset/lpp/v01/192/355.jpg
000945,6,Skiathos Town,https://media.thomson.co.uk/asset/lpp/v00/813/950.jpg
000945,7,Skiathos Town,https://media.thomson.co.uk/asset/lpp/v00/881/593.jpg
000945,8,Skiathos Town,https://media.thomson.co.uk/asset/lpp/v01/193/238.jpg
000945,9,Panagia Evangelistria Monastery Skiathos,https://media.thomson.co.uk/asset/lpp/v01/112/009.jpg
000945,10,Skiathos Town,https://media.thomson.co.uk/asset/lpp/v01/191/714.jpg
001723,1,Almeria Spain,https://media.thomson.co.uk/asset/lpp/v01/193/096.jpg
001723,2,Granadas Alhambra Palace Andalucia Spain,https://media.thomson.co.uk/asset/lpp/v01/193/172.jpg
001723,3,Granadas Alhambra Palace Andalucia Spain,https://media.thomson.co.uk/asset/lpp/v01/193/160.jpg
001723,4,Mojacar Playa Almeria,https://media.thomson.co.uk/asset/lpp/v01/193/162.jpg
001723,5,Mojacar Village Almeria,https://media.thomson.co.uk/asset/lpp/v01/193/170.jpg
001723,6,Mojacar Village Almeria,https://media.thomson.co.uk/asset/lpp/v01/193/180.jpg
001723,7,Tabernas Desert Almeria,https://media.thomson.co.uk/asset/lpp/v01/193/178.jpg
001723,8,Cabo de Gata Natural Park Almeria,https://media.thomson.co.uk/asset/lpp/v01/193/090.jpg
001723,9,Alcazaba Castle Almeria,https://media.thomson.co.uk/asset/lpp/v01/193/094.jpg
001723,10,Almeria Spain,https://media.thomson.co.uk/asset/lpp/v01/102/101.jpg
001447,1,,https://media.thomson.co.uk/asset/lpp/v01/354/186.jpg
001447,2,,https://media.thomson.co.uk/asset/lpp/v00/739/014.jpg
001447,3,,https://media.thomson.co.uk/asset/lpp/v00/739/016.jpg
001447,4,,https://media.thomson.co.uk/asset/lpp/v00/739/010.jpg
001447,5,,https://media.thomson.co.uk/asset/lpp/v00/739/002.jpg
001447,6,,https://media.thomson.co.uk/asset/lpp/v00/739/012.jpg
001447,7,,https://media.thomson.co.uk/asset/lpp/v00/739/004.jpg
001218,1,Basseterre St Kitts,https://media.thomson.co.uk/asset/lpp/v01/031/741.jpg
001218,2,Basseterre St Kitts,https://media.thomson.co.uk/asset/lpp/v01/173/427.jpg
001218,3,Basseterre St Kitts,https://media.thomson.co.uk/asset/lpp/v00/710/531.jpg
001218,4,Basseterre St Kitts,https://media.thomson.co.uk/asset/lpp/v01/173/423.jpg
001218,5,Basseterre St Kitts,https://media.thomson.co.uk/asset/lpp/v00/987/499.jpg
001218,6,Basseterre St Kitts,https://media.thomson.co.uk/asset/lpp/v01/173/425.jpg
000396,1,Stockholm Old Town Sweden,https://media.thomson.co.uk/asset/lpp/v01/135/856.jpg
000396,2,Stockholm Sweden,https://media.thomson.co.uk/asset/lpp/v01/135/834.jpg
000396,3,Stockholm Sweden,https://media.thomson.co.uk/asset/lpp/v01/135/842.jpg
000396,4,Palace of Drottningholm Stockholm Sweden,https://media.thomson.co.uk/asset/lpp/v01/114/919.jpg
000396,5,Stockholm Sweden,https://media.thomson.co.uk/asset/lpp/v01/135/852.jpg
000396,6,Stockholm Old Town Sweden,https://media.thomson.co.uk/asset/lpp/v01/135/836.jpg
CL0392,1,Englishmans Bay Tobago,https://media.thomson.co.uk/asset/lpp/v00/902/659.jpg
CL0392,2,Pigeon Bay Scarborough Tobago,https://media.thomson.co.uk/asset/lpp/v01/017/769.jpg
CL0392,3,Pigeon Point Scarborough Tobago,https://media.thomson.co.uk/asset/lpp/v00/988/349.jpg
CL0392,4,No Mans Land Scarborough Tobago,https://media.thomson.co.uk/asset/lpp/v00/988/331.jpg
001610,1,Las Palmas Gran Canaria,https://media.thomson.co.uk/asset/lpp/v01/027/352.jpg
001610,2,Maspalomas Dunes Gran Canaria,https://media.thomson.co.uk/asset/lpp/v01/059/205.jpg
001610,3,Arucas Church Gran Canaria,https://media.thomson.co.uk/asset/lpp/v01/079/610.jpg
001610,4,Las Palmas Gran Canaria,https://media.thomson.co.uk/asset/lpp/v01/028/618.jpg
001610,5,Las Palmas Gran Canaria,https://media.thomson.co.uk/asset/lpp/v00/985/194.jpg
001610,6,Las Palmas Gran Canaria,https://media.thomson.co.uk/asset/lpp/v01/028/616.jpg
001610,7,Teror Las Palmas Gran Canaria,https://media.thomson.co.uk/asset/lpp/v01/079/612.jpg
001610,8,Maspalomas Dunes Gran Canaria,https://media.thomson.co.uk/asset/lpp/v01/059/203.jpg
001610,9,Maspalomas Gran Canaria,https://media.thomson.co.uk/asset/lpp/v01/059/207.jpg
001610,10,,https://media.thomson.co.uk/asset/lpp/v01/367/054.jpg
001610,11,Santa Ana Cathedral,https://media.thomson.co.uk/asset/lpp/v01/042/276.jpg
000483,1,Singapore,https://media.thomson.co.uk/asset/lpp/v01/357/815.jpg
000483,2,Garden by the Bay Singapore,https://media.thomson.co.uk/asset/lpp/v01/361/572.jpg
000483,3,Hindu Temple Little India Singapore,https://media.thomson.co.uk/asset/lpp/v01/361/558.jpg
000446,1,Bodrum Turkey,https://media.thomson.co.uk/asset/lpp/v01/095/325.jpg
000446,2,Bodrum Castle Turkey,https://media.thomson.co.uk/asset/lpp/v01/095/367.jpg
000446,3,Bodrum Turkey,https://media.thomson.co.uk/asset/lpp/v01/095/393.jpg
000446,4,Bodrum Turkey,https://media.thomson.co.uk/asset/lpp/v00/912/849.jpg
000446,5,Bodrum Turkey,https://media.thomson.co.uk/asset/lpp/v01/095/383.jpg
000446,6,Bodrum Amphitheater Turkey,https://media.thomson.co.uk/asset/lpp/v01/095/377.jpg
000446,7,Bodrum Turkey,https://media.thomson.co.uk/asset/lpp/v00/886/157.jpg
000446,8,Bodrum Turkey,https://media.thomson.co.uk/asset/lpp/v01/095/369.jpg
000446,9,Bodrum Turkey,https://media.thomson.co.uk/asset/lpp/v01/095/329.jpg
000446,10,Bodrum Turkey,https://media.thomson.co.uk/asset/lpp/v01/026/590.jpg
001628,1,,https://media.thomson.co.uk/asset/lpp/v01/385/142.jpg
001628,2,,https://media.thomson.co.uk/asset/lpp/v01/384/734.jpg
001628,3,,https://media.thomson.co.uk/asset/lpp/v01/384/682.jpg
001628,4,,https://media.thomson.co.uk/asset/lpp/v01/384/716.jpg
001628,5,,https://media.thomson.co.uk/asset/lpp/v01/384/722.jpg
001628,6,,https://media.thomson.co.uk/asset/lpp/v01/384/696.jpg
001628,7,,https://media.thomson.co.uk/asset/lpp/v01/384/744.jpg
001628,8,,https://media.thomson.co.uk/asset/lpp/v01/385/140.jpg
001628,9,,https://media.thomson.co.uk/asset/lpp/v01/384/700.jpg
001673,1,Mount Teide Teide National Park Tenerife,https://media.thomson.co.uk/asset/lpp/v01/086/358.jpg
001673,2,Santa Cruz Tenerife,https://media.thomson.co.uk/asset/lpp/v00/948/501.jpg
001673,3,Santa Cruz Tenerife,https://media.thomson.co.uk/asset/lpp/v00/915/461.jpg
001673,4,Santa Cruz Tenerife,https://media.thomson.co.uk/asset/lpp/v01/167/732.jpg
001673,5,Santa Cruz Tenerife,https://media.thomson.co.uk/asset/lpp/v00/915/443.jpg
001673,6,Santa Cruz Tenerife,https://media.thomson.co.uk/asset/lpp/v00/915/455.jpg
001673,7,Santa Cruz Tenerife,https://media.thomson.co.uk/asset/lpp/v00/915/429.jpg
001673,8,Ortotava Valley Santa Cruz Tenerife,https://media.thomson.co.uk/asset/lpp/v01/086/362.jpg
001673,9,Santa Cruz Tenerife,https://media.thomson.co.uk/asset/lpp/v00/915/445.jpg
001984,1,Oranjestad Beach Aruba,https://media.thomson.co.uk/asset/lpp/v00/618/937.jpg
001984,2,Oranjestad Aruba,https://media.thomson.co.uk/asset/lpp/v01/041/090.jpg
001984,3,Oranjestad Aruba,https://media.thomson.co.uk/asset/lpp/v01/041/092.jpg
001984,4,Oranjestad Aruba,https://media.thomson.co.uk/asset/lpp/v01/041/096.jpg
001984,5,,https://media.thomson.co.uk/asset/lpp/v01/041/150.jpg
001984,6,,https://media.thomson.co.uk/asset/lpp/v01/041/076.jpg
001984,7,Oranjestad Aruba,https://media.thomson.co.uk/asset/lpp/v01/041/100.jpg
001984,8,,https://media.thomson.co.uk/asset/lpp/v01/041/088.jpg
001984,9,Oranjestad Beach Aruba,https://media.thomson.co.uk/asset/lpp/v00/618/949.jpg
001984,10,,https://media.thomson.co.uk/asset/lpp/v01/041/140.jpg
001984,11,Oranjestad Aruba,https://media.thomson.co.uk/asset/lpp/v00/623/810.jpg
000613,1,,https://media.thomson.co.uk/asset/lpp/v01/189/586.jpg
000613,2,Amsterdam canal The Netherlands,https://media.thomson.co.uk/asset/lpp/v01/114/455.jpg
000613,3,Amsterdam The Netherlands,https://media.thomson.co.uk/asset/lpp/v01/189/582.jpg
000613,4,Red Light District Amsterdam The Netherlands,https://media.thomson.co.uk/asset/lpp/v01/114/453.jpg
000613,5,Amsterdam The Netherlands,https://media.thomson.co.uk/asset/lpp/v01/189/584.jpg
000613,6,Red Light District Amsterdam The Netherlands,https://media.thomson.co.uk/asset/lpp/v01/104/912.jpg
000613,7,Streets of Amsterdam The Netherlands,https://media.thomson.co.uk/asset/lpp/v01/114/437.jpg
000613,8,Amsterdam The Netherlands,https://media.thomson.co.uk/asset/lpp/v01/114/425.jpg
000613,9,Montelbaanstoren Tower Amsterdam The Netherlands,https://media.thomson.co.uk/asset/lpp/v01/114/441.jpg
000613,10,Amsterdam The Netherlands,https://media.thomson.co.uk/asset/lpp/v01/052/656.jpg
000613,11,Amsterdam The Netherlands,https://media.thomson.co.uk/asset/lpp/v01/189/580.jpg
000622,1,Reykjavik Iceland,https://media.thomson.co.uk/asset/lpp/v01/121/697.jpg
000622,2,Hallgr&#237;mskirkja Church Reykjavik Iceland,https://media.thomson.co.uk/asset/lpp/v01/202/076.jpg
000622,3,Reykjavik Iceland,https://media.thomson.co.uk/asset/lpp/v01/202/104.jpg
000622,4,Sk&#243;gafoss Waterfall Iceland,https://media.thomson.co.uk/asset/lpp/v01/202/230.jpg
000622,5,Blue Lagoon Iceland,https://media.thomson.co.uk/asset/lpp/v01/196/251.jpg
000622,6,Harpa - Reykjavik Concert Hall Iceland,https://media.thomson.co.uk/asset/lpp/v01/202/268.jpg
000622,7,Harpa - Reykjavik Concert Hall Iceland,https://media.thomson.co.uk/asset/lpp/v01/202/274.jpg
000622,8,Thingvellir National Park Iceland,https://media.thomson.co.uk/asset/lpp/v01/202/407.jpg
000622,9,,https://media.thomson.co.uk/asset/lpp/v01/189/658.jpg
000622,10,Reykjavik Iceland,https://media.thomson.co.uk/asset/lpp/v01/170/184.jpg
000428,1,Chalong Temple,https://media.thomson.co.uk/asset/lpp/v01/064/478.jpg
000428,2,,https://media.thomson.co.uk/asset/lpp/v01/268/632.jpg
000428,3,Chalong Temple,https://media.thomson.co.uk/asset/lpp/v01/064/476.jpg
000428,4,Chalong Temple,https://media.thomson.co.uk/asset/lpp/v01/064/474.jpg
000428,5,,https://media.thomson.co.uk/asset/lpp/v01/064/516.jpg
000428,6,,https://media.thomson.co.uk/asset/lpp/v01/064/612.jpg
000428,7,,https://media.thomson.co.uk/asset/lpp/v01/271/906.jpg
000428,8,,https://media.thomson.co.uk/asset/lpp/v01/064/588.jpg
000428,9,Chalong Temple,https://media.thomson.co.uk/asset/lpp/v01/064/482.jpg
000428,10,,https://media.thomson.co.uk/asset/lpp/v01/064/756.jpg
000428,11,,https://media.thomson.co.uk/asset/lpp/v01/272/036.jpg
000428,12,,https://media.thomson.co.uk/asset/lpp/v01/064/494.jpg
000428,13,Chalong Temple,https://media.thomson.co.uk/asset/lpp/v01/064/652.jpg
000428,14,Chalong Temple,https://media.thomson.co.uk/asset/lpp/v01/064/762.jpg
000428,15,,https://media.thomson.co.uk/asset/lpp/v01/271/988.jpg
000428,16,Nang SibSong beach,https://media.thomson.co.uk/asset/lpp/v01/064/548.jpg
000428,17,,https://media.thomson.co.uk/asset/lpp/v01/064/502.jpg
000428,18,Chalong Temple,https://media.thomson.co.uk/asset/lpp/v01/064/486.jpg
000428,19,,https://media.thomson.co.uk/asset/lpp/v01/271/994.jpg
000428,20,,https://media.thomson.co.uk/asset/lpp/v01/064/518.jpg
000428,21,,https://media.thomson.co.uk/asset/lpp/v01/064/590.jpg
000428,22,Nang SibSong beach,https://media.thomson.co.uk/asset/lpp/v01/064/562.jpg
002393,1,Santa Cruz de la Palma La Palma,https://media.thomson.co.uk/asset/lpp/v01/255/927.jpg
002393,2,Santa Cruz La Palma,https://media.thomson.co.uk/asset/lpp/v00/457/492.jpg
002393,3,,https://media.thomson.co.uk/asset/lpp/v01/173/541.jpg
002393,4,Plaza de Espana Santa Cruz La Palma,https://media.thomson.co.uk/asset/lpp/v00/457/488.jpg
002393,5,Street caf&#233; Santa Cruz La Palma,https://media.thomson.co.uk/asset/lpp/v00/457/494.jpg
002393,6,,https://media.thomson.co.uk/asset/lpp/v00/457/478.jpg
002393,7,,https://media.thomson.co.uk/asset/lpp/v01/173/543.jpg
002627,1,Messina Sicily Italy,https://media.thomson.co.uk/asset/lpp/v01/097/252.jpg
002627,2,Messina Sicily,https://media.thomson.co.uk/asset/lpp/v01/192/273.jpg
002627,3,Messina Sicily Italy,https://media.thomson.co.uk/asset/lpp/v01/089/392.jpg
002627,4,Messina Sicily Italy,https://media.thomson.co.uk/asset/lpp/v00/988/607.jpg
002637,1,Katakolon Greece,https://media.thomson.co.uk/asset/lpp/v01/121/481.jpg
002637,2,Olympia Katakalon,https://media.thomson.co.uk/asset/lpp/v00/886/193.jpg
002637,3,Katakolon Greece,https://media.thomson.co.uk/asset/lpp/v00/618/067.jpg
002639,1,Arrecife Beach Lanzarote,https://media.thomson.co.uk/asset/lpp/v01/114/439.jpg
002639,2,Arrecife Lanzarote,https://media.thomson.co.uk/asset/lpp/v01/031/749.jpg
002639,3,Castillo San Jose Lanzarote,https://media.thomson.co.uk/asset/lpp/v01/042/280.jpg
002639,4,Arrecife Lanzarote,https://media.thomson.co.uk/asset/lpp/v01/026/624.jpg
002639,5,Puerto Del Carmen beach Lanzarote,https://media.thomson.co.uk/asset/lpp/v00/538/688.jpg
002639,6,Arrecife Lanzarote,https://media.thomson.co.uk/asset/lpp/v00/985/192.jpg
002639,7,Timanfaya National Park Lanzarote,https://media.thomson.co.uk/asset/lpp/v00/871/109.jpg
002639,8,Arrecife Castle Lanzarote,https://media.thomson.co.uk/asset/lpp/v01/114/433.jpg
002639,9,Arrecife Lanzarote,https://media.thomson.co.uk/asset/lpp/v01/173/537.jpg
002634,1,Ajaccio Corsica,https://media.thomson.co.uk/asset/lpp/v01/173/511.jpg
002634,2,,https://media.thomson.co.uk/asset/lpp/v01/173/509.jpg
002634,3,,https://media.thomson.co.uk/asset/lpp/v01/125/316.jpg
002634,4,Ajaccio Corsica,https://media.thomson.co.uk/asset/lpp/v01/305/434.jpg
002634,5,,https://media.thomson.co.uk/asset/lpp/v00/985/354.jpg
002634,6,,https://media.thomson.co.uk/asset/lpp/v01/114/927.jpg
002634,7,,https://media.thomson.co.uk/asset/lpp/v01/025/643.jpg
002634,8,La Citadelle Ajaccio Corsica,https://media.thomson.co.uk/asset/lpp/v01/305/430.jpg
002634,9,,https://media.thomson.co.uk/asset/lpp/v01/110/183.jpg
002634,10,Ajaccio Corsica,https://media.thomson.co.uk/asset/lpp/v01/305/432.jpg
002690,1,Ceuta Spain,https://media.thomson.co.uk/asset/lpp/v01/192/439.jpg
002690,2,Ceuta Spain,https://media.thomson.co.uk/asset/lpp/v01/192/437.jpg
002690,3,Castle of Ceuta Spain,https://media.thomson.co.uk/asset/lpp/v01/192/443.jpg
002700,1,Valencia Spain,https://media.thomson.co.uk/asset/lpp/v01/125/354.jpg
002700,2,Xativa Castle Valencia Spain,https://media.thomson.co.uk/asset/lpp/v01/125/384.jpg
002700,3,Valencia Cathedral Spain,https://media.thomson.co.uk/asset/lpp/v01/125/386.jpg
002700,4,,https://media.thomson.co.uk/asset/lpp/v01/125/390.jpg
002700,5,Peniscola Castle Valencia Spain,https://media.thomson.co.uk/asset/lpp/v01/083/072.jpg
002691,1,,https://media.thomson.co.uk/asset/lpp/v00/988/639.jpg
002691,2,,https://media.thomson.co.uk/asset/lpp/v00/988/611.jpg
002691,3,,https://media.thomson.co.uk/asset/lpp/v00/740/542.jpg
002691,4,,https://media.thomson.co.uk/asset/lpp/v00/988/631.jpg
002691,5,,https://media.thomson.co.uk/asset/lpp/v00/459/954.jpg
002691,6,,https://media.thomson.co.uk/asset/lpp/v00/459/962.jpg
002691,7,,https://media.thomson.co.uk/asset/lpp/v00/459/938.jpg
002696,1,Marseille France,https://media.thomson.co.uk/asset/lpp/v01/192/435.jpg
002696,2,Marseille France,https://media.thomson.co.uk/asset/lpp/v01/192/433.jpg
002696,3,Marseille France,https://media.thomson.co.uk/asset/lpp/v01/192/425.jpg
002696,4,Marseille France,https://media.thomson.co.uk/asset/lpp/v01/192/441.jpg
002696,5,,https://media.thomson.co.uk/asset/lpp/v01/192/429.jpg
002696,6,,https://media.thomson.co.uk/asset/lpp/v01/192/431.jpg
002820,1,Guggenheim Museum Spain,https://media.thomson.co.uk/asset/lpp/v00/617/419.jpg
002820,2,,https://media.thomson.co.uk/asset/lpp/v00/617/415.jpg
002820,3,,https://media.thomson.co.uk/asset/lpp/v00/617/421.jpg
002820,4,Mercado de la Ribera Bilbao,https://media.thomson.co.uk/asset/lpp/v01/255/305.jpg
002826,1,Rosenholm Castle Denmark,https://media.thomson.co.uk/asset/lpp/v01/255/307.jpg
002826,2,Arhus Cathedral Denmark,https://media.thomson.co.uk/asset/lpp/v01/255/309.jpg
002826,3,Ebeltoft Denmark,https://media.thomson.co.uk/asset/lpp/v00/976/731.jpg
002826,4,Himmelbjerget Denmark,https://media.thomson.co.uk/asset/lpp/v00/976/645.jpg
002826,5,,https://media.thomson.co.uk/asset/lpp/v00/976/639.jpg
002826,6,,https://media.thomson.co.uk/asset/lpp/v00/686/149.jpg
002826,7,,https://media.thomson.co.uk/asset/lpp/v01/343/988.jpg
002826,8,,https://media.thomson.co.uk/asset/lpp/v01/343/862.jpg
002826,9,,https://media.thomson.co.uk/asset/lpp/v01/343/864.jpg
002826,10,,https://media.thomson.co.uk/asset/lpp/v01/343/856.jpg
002830,1,Hellesylt Norway,https://media.thomson.co.uk/asset/lpp/v00/991/282.jpg
002830,2,,https://media.thomson.co.uk/asset/lpp/v01/259/393.jpg
002824,1,,https://media.thomson.co.uk/asset/lpp/v01/183/764.jpg
002824,2,,https://media.thomson.co.uk/asset/lpp/v01/183/774.jpg
002824,3,,https://media.thomson.co.uk/asset/lpp/v01/183/766.jpg
002824,4,,https://media.thomson.co.uk/asset/lpp/v01/183/772.jpg
002824,5,,https://media.thomson.co.uk/asset/lpp/v01/183/770.jpg
002824,6,,https://media.thomson.co.uk/asset/lpp/v01/183/768.jpg
002824,7,Kaisaniemi bay Helsinki Finland,https://media.thomson.co.uk/asset/lpp/v01/114/597.jpg
002836,1,Vigo Spain,https://media.thomson.co.uk/asset/lpp/v01/193/142.jpg
002836,2,Vigo Spain,https://media.thomson.co.uk/asset/lpp/v01/193/140.jpg
002836,3,Santiago de Compostela Vigo Spain,https://media.thomson.co.uk/asset/lpp/v01/193/138.jpg
002836,4,Santiago de Compostela Vigo Spain,https://media.thomson.co.uk/asset/lpp/v01/193/136.jpg
002836,5,Pontesampaio village Vigo Spain,https://media.thomson.co.uk/asset/lpp/v01/193/134.jpg
002836,6,Vigo Spain,https://media.thomson.co.uk/asset/lpp/v01/018/243.jpg
002884,1,Calvi Corsica,https://media.thomson.co.uk/asset/lpp/v00/843/907.jpg
002884,2,Calvi Marina Corsica,https://media.thomson.co.uk/asset/lpp/v01/083/068.jpg
002884,3,Calvi Corsica,https://media.thomson.co.uk/asset/lpp/v01/083/076.jpg
002884,4,Calvi Corsica,https://media.thomson.co.uk/asset/lpp/v01/114/351.jpg
002884,5,Calvi Marina Corsica,https://media.thomson.co.uk/asset/lpp/v01/083/070.jpg
002884,6,Calvi beach Corsica,https://media.thomson.co.uk/asset/lpp/v01/114/369.jpg
002884,7,Calvi Castle Corsica,https://media.thomson.co.uk/asset/lpp/v01/114/357.jpg
002884,8,Calvi Corsica,https://media.thomson.co.uk/asset/lpp/v01/114/725.jpg
002884,9,Calvi Corsica,https://media.thomson.co.uk/asset/lpp/v00/313/027.jpg
002884,10,Calvi Corsica,https://media.thomson.co.uk/asset/lpp/v01/114/339.jpg
003087,1,St Tropez France,https://media.thomson.co.uk/asset/lpp/v01/128/372.jpg
003087,2,Marina St Raphael C&#244;te dAzur,https://media.thomson.co.uk/asset/lpp/v00/997/798.jpg
003087,3,Port Grimaud St Tropez France,https://media.thomson.co.uk/asset/lpp/v01/093/641.jpg
003087,4,Cannes Harbour France,https://media.thomson.co.uk/asset/lpp/v01/124/402.jpg
003087,5,Cannes France,https://media.thomson.co.uk/asset/lpp/v01/125/318.jpg
002825,1,,https://media.thomson.co.uk/asset/lpp/v00/617/949.jpg
002825,2,Alexander Nevsky Cathedral Tallinn,https://media.thomson.co.uk/asset/lpp/v00/931/654.jpg
002825,3,,https://media.thomson.co.uk/asset/lpp/v00/617/951.jpg
002825,4,,https://media.thomson.co.uk/asset/lpp/v01/101/191.jpg
002825,5,,https://media.thomson.co.uk/asset/lpp/v00/862/156.jpg
003798,1,,https://media.thomson.co.uk/asset/lpp/v00/454/054.jpg
003798,2,,https://media.thomson.co.uk/asset/lpp/v00/454/042.jpg
003798,3,,https://media.thomson.co.uk/asset/lpp/v00/454/048.jpg
003798,4,,https://media.thomson.co.uk/asset/lpp/v00/454/040.jpg
003798,5,,https://media.thomson.co.uk/asset/lpp/v00/454/050.jpg
003798,6,Dali Museum Figueres,https://media.thomson.co.uk/asset/lpp/v01/327/851.jpg
003798,7,,https://media.thomson.co.uk/asset/lpp/v00/454/036.jpg
003798,8,,https://media.thomson.co.uk/asset/lpp/v00/454/046.jpg
CMS017,1,Akureyri city Iceland,https://media.thomson.co.uk/asset/lpp/v01/114/845.jpg
CMS017,2,Godafoss waterfalls Iceland,https://media.thomson.co.uk/asset/lpp/v01/114/839.jpg
CMS017,3,Akureyri Iceland,https://media.thomson.co.uk/asset/lpp/v01/110/209.jpg
CMS017,4,Akureyri Iceland,https://media.thomson.co.uk/asset/lpp/v00/977/838.jpg
CMS017,5,Godafoss waterfalls Iceland,https://media.thomson.co.uk/asset/lpp/v01/114/841.jpg
CMS018,1,Old City Jerusalem Israel,https://media.thomson.co.uk/asset/lpp/v01/114/427.jpg
CMS018,2,Western Wall Jerusalem Israel,https://media.thomson.co.uk/asset/lpp/v01/114/435.jpg
CMS018,3,,https://media.thomson.co.uk/asset/lpp/v00/980/331.jpg
CMS018,4,Dome of the Rock and Western Wall Jerusalem,https://media.thomson.co.uk/asset/lpp/v01/080/444.jpg
CMS018,5,Tel Aviv Israel,https://media.thomson.co.uk/asset/lpp/v01/114/443.jpg
CMS018,6,Dome of the Rock Jerusalem,https://media.thomson.co.uk/asset/lpp/v00/980/305.jpg
CMS018,7,Western Wall Jerusalem,https://media.thomson.co.uk/asset/lpp/v00/980/307.jpg
CMS018,8,Church of the Holy Sepulcher Jerusalem,https://media.thomson.co.uk/asset/lpp/v01/080/442.jpg
CMS018,9,Dead Sea Jordan Israel,https://media.thomson.co.uk/asset/lpp/v01/114/409.jpg
CMS018,10,Haifa City Isreal,https://media.thomson.co.uk/asset/lpp/v01/030/360.jpg
CMS018,11,Garden of Gethsemane Jerusalem Israel,https://media.thomson.co.uk/asset/lpp/v01/114/423.jpg
CMS022,1,Piran Slovenia,https://media.thomson.co.uk/asset/lpp/v01/081/782.jpg
CMS022,2,Izola City Slovenia,https://media.thomson.co.uk/asset/lpp/v01/081/784.jpg
CMS022,3,Koper Slovenia,https://media.thomson.co.uk/asset/lpp/v00/929/402.jpg
CMS022,4,Piran Church Slovenia,https://media.thomson.co.uk/asset/lpp/v00/924/596.jpg
CMS022,5,Portoroz Solvenia,https://media.thomson.co.uk/asset/lpp/v01/081/798.jpg
003683,1,,https://media.thomson.co.uk/asset/lpp/v00/903/397.jpg
003683,2,,https://media.thomson.co.uk/asset/lpp/v00/906/272.jpg
003907,1,Roseau Dominica,https://media.thomson.co.uk/asset/lpp/v00/969/681.jpg
003907,2,Roseau Dominica,https://media.thomson.co.uk/asset/lpp/v01/173/489.jpg
003907,3,Roseau Dominica,https://media.thomson.co.uk/asset/lpp/v01/173/429.jpg
003990,1,,https://media.thomson.co.uk/asset/lpp/v01/234/228.jpg
003990,2,Manama Bahrain,https://media.thomson.co.uk/asset/lpp/v01/244/126.jpg
003990,3,Manama Bahrain,https://media.thomson.co.uk/asset/lpp/v01/238/062.jpg
003990,4,Manama Bahrain,https://media.thomson.co.uk/asset/lpp/v01/244/124.jpg
003989,1,,https://media.thomson.co.uk/asset/lpp/v00/394/762.jpg
CMS095,1,Leaning tower of Pisa Italy,https://media.thomson.co.uk/asset/lpp/v01/080/774.jpg
CMS095,2,Florence Italy,https://media.thomson.co.uk/asset/lpp/v00/958/095.jpg
CMS095,3,Pisa Cathedral Italy,https://media.thomson.co.uk/asset/lpp/v00/446/614.jpg
CMS095,4,Florence Italy,https://media.thomson.co.uk/asset/lpp/v01/121/497.jpg
CMS095,5,The Statue of Angels on Square of Miracles Pisa Italy,https://media.thomson.co.uk/asset/lpp/v01/121/655.jpg
CMS095,6,Florence Italy,https://media.thomson.co.uk/asset/lpp/v01/121/503.jpg
CMS095,7,Leaning tower of Pisa Italy,https://media.thomson.co.uk/asset/lpp/v01/080/528.jpg
CMS095,8,Florence Italy,https://media.thomson.co.uk/asset/lpp/v00/958/079.jpg
001439,1,Bergen Norway,https://media.thomson.co.uk/asset/lpp/v01/114/377.jpg
001439,2,Bergen Park Norway,https://media.thomson.co.uk/asset/lpp/v01/114/373.jpg
001439,3,Bergen fjord Norway,https://media.thomson.co.uk/asset/lpp/v01/114/397.jpg
001439,4,Bergen Norway,https://media.thomson.co.uk/asset/lpp/v00/996/598.jpg
001439,5,Bergen fjord Norway,https://media.thomson.co.uk/asset/lpp/v01/114/353.jpg
001439,6,Bergen Norway,https://media.thomson.co.uk/asset/lpp/v01/114/387.jpg
002625,1,Cadiz Spain,https://media.thomson.co.uk/asset/lpp/v01/025/144.jpg
002625,2,Cadiz Spain,https://media.thomson.co.uk/asset/lpp/v01/022/488.jpg
002625,3,Cadiz Cathedral Spain,https://media.thomson.co.uk/asset/lpp/v01/047/697.jpg
002625,4,Castle of Catalina Cadiz,https://media.thomson.co.uk/asset/lpp/v01/025/146.jpg
002625,5,Cadiz Spain,https://media.thomson.co.uk/asset/lpp/v01/046/455.jpg
002625,6,Old City Hall Cadiz Spain,https://media.thomson.co.uk/asset/lpp/v01/047/709.jpg
002625,7,Cadiz Spain,https://media.thomson.co.uk/asset/lpp/v01/087/564.jpg
002625,8,Cadiz Spain,https://media.thomson.co.uk/asset/lpp/v01/047/701.jpg
002625,9,Cadiz Spain,https://media.thomson.co.uk/asset/lpp/v01/047/687.jpg
002625,10,Cadiz Cathedral Spain,https://media.thomson.co.uk/asset/lpp/v01/047/695.jpg
002625,11,Cadiz Cathedral Spain,https://media.thomson.co.uk/asset/lpp/v01/022/486.jpg
002625,12,Old City Hall Cadiz Spain,https://media.thomson.co.uk/asset/lpp/v01/087/406.jpg
002625,13,Baelo Claudia Cadiz Spain,https://media.thomson.co.uk/asset/lpp/v01/051/734.jpg
002625,14,Cadiz Spain,https://media.thomson.co.uk/asset/lpp/v00/985/196.jpg
002828,1,,https://media.thomson.co.uk/asset/lpp/v01/298/906.jpg
002828,2,,https://media.thomson.co.uk/asset/lpp/v00/618/119.jpg
002828,3,,https://media.thomson.co.uk/asset/lpp/v00/974/028.jpg
002828,4,Harbour Canal Gothenburg Sweden,https://media.thomson.co.uk/asset/lpp/v00/996/622.jpg
002828,5,,https://media.thomson.co.uk/asset/lpp/v00/993/932.jpg
002828,6,,https://media.thomson.co.uk/asset/lpp/v01/318/709.jpg
002828,7,,https://media.thomson.co.uk/asset/lpp/v01/343/984.jpg
002828,8,,https://media.thomson.co.uk/asset/lpp/v01/343/724.jpg
002828,9,,https://media.thomson.co.uk/asset/lpp/v01/343/726.jpg
000591,1,,https://media.thomson.co.uk/asset/lpp/v01/256/083.jpg
000591,2,,https://media.thomson.co.uk/asset/lpp/v01/256/081.jpg
000591,3,,https://media.thomson.co.uk/asset/lpp/v00/993/934.jpg
000591,4,,https://media.thomson.co.uk/asset/lpp/v00/981/345.jpg
000591,5,Vigeland Park Norway,https://media.thomson.co.uk/asset/lpp/v01/030/368.jpg
000591,6,,https://media.thomson.co.uk/asset/lpp/v00/993/392.jpg
002833,1,Tromso Arctic Cathedral Norway,https://media.thomson.co.uk/asset/lpp/v01/113/809.jpg
002833,2,Tromso Norway,https://media.thomson.co.uk/asset/lpp/v01/050/438.jpg
002833,3,Tromso Norway,https://media.thomson.co.uk/asset/lpp/v00/988/983.jpg
002697,1,Villefrance French Riviera,https://media.thomson.co.uk/asset/lpp/v01/033/095.jpg
002697,2,Villefrance French Riviera,https://media.thomson.co.uk/asset/lpp/v00/886/169.jpg
002697,3,Casino and Opera House Monte Carlo Monaco,https://media.thomson.co.uk/asset/lpp/v01/084/030.jpg
002697,4,Port de Fontvieille Monte Carlo Monaco,https://media.thomson.co.uk/asset/lpp/v01/050/704.jpg
002697,5,Nice France,https://media.thomson.co.uk/asset/lpp/v01/081/758.jpg
002697,6,Nice France,https://media.thomson.co.uk/asset/lpp/v00/966/513.jpg
002697,7,Grand Casino Monte Carlo Monaco,https://media.thomson.co.uk/asset/lpp/v01/115/141.jpg
002697,8,Monte Carlo Monaco,https://media.thomson.co.uk/asset/lpp/v01/066/389.jpg
002839,1,,https://media.thomson.co.uk/asset/lpp/v01/030/372.jpg
002839,2,,https://media.thomson.co.uk/asset/lpp/v01/254/391.jpg
002839,3,,https://media.thomson.co.uk/asset/lpp/v01/254/385.jpg
002839,4,,https://media.thomson.co.uk/asset/lpp/v01/254/387.jpg
000158,1,,https://media.thomson.co.uk/asset/lpp/v01/255/933.jpg
000158,2,Views over Funchal Madeira,https://media.thomson.co.uk/asset/lpp/v01/036/831.jpg
000158,3,Botanical gardens Funchal Madeira,https://media.thomson.co.uk/asset/lpp/v00/953/128.jpg
000158,4,Views over Funchal Madeira,https://media.thomson.co.uk/asset/lpp/v00/550/748.jpg
000158,5,Funchal Madeira,https://media.thomson.co.uk/asset/lpp/v00/923/779.jpg
000158,6,Funchal Madeira,https://media.thomson.co.uk/asset/lpp/v01/173/539.jpg
000158,7,Funchal Madeira,https://media.thomson.co.uk/asset/lpp/v00/550/734.jpg
000158,8,Funchal Madeira,https://media.thomson.co.uk/asset/lpp/v01/101/657.jpg
000158,10,Praca do Municipo Funchal Madeira,https://media.thomson.co.uk/asset/lpp/v00/550/754.jpg
003157,1,,https://media.thomson.co.uk/asset/lpp/v01/255/929.jpg
003157,2,Petra Jordan,https://media.thomson.co.uk/asset/lpp/v01/026/628.jpg
003157,3,Petra Jordan,https://media.thomson.co.uk/asset/lpp/v01/231/842.jpg
003157,4,Petra Jordan,https://media.thomson.co.uk/asset/lpp/v01/231/836.jpg
003157,5,Wadi Rum Jordan,https://media.thomson.co.uk/asset/lpp/v01/231/838.jpg
003157,6,Petra Jordan,https://media.thomson.co.uk/asset/lpp/v00/985/812.jpg
003157,7,Petra Jordan,https://media.thomson.co.uk/asset/lpp/v00/933/689.jpg
003157,8,Aqaba Jordan,https://media.thomson.co.uk/asset/lpp/v01/234/480.jpg
002831,1,Alesund Norway,https://media.thomson.co.uk/asset/lpp/v01/031/679.jpg
002831,2,Alesund Norway,https://media.thomson.co.uk/asset/lpp/v01/114/431.jpg
002831,3,Alesund bridge Norway,https://media.thomson.co.uk/asset/lpp/v01/114/469.jpg
002831,4,Alesund Norway,https://media.thomson.co.uk/asset/lpp/v01/114/445.jpg
002831,5,Godoy Lighthouse Alesund Norway,https://media.thomson.co.uk/asset/lpp/v00/712/697.jpg
002831,6,Alesund Norway,https://media.thomson.co.uk/asset/lpp/v00/977/335.jpg
002831,7,Alesund Norway,https://media.thomson.co.uk/asset/lpp/v01/114/467.jpg
002831,8,Alesund Norway,https://media.thomson.co.uk/asset/lpp/v01/114/463.jpg
002831,9,Troll Path Rauma Norway,https://media.thomson.co.uk/asset/lpp/v00/977/816.jpg
002831,10,,https://media.thomson.co.uk/asset/lpp/v01/133/049.jpg
002831,11,,https://media.thomson.co.uk/asset/lpp/v01/343/858.jpg
002831,12,,https://media.thomson.co.uk/asset/lpp/v01/343/698.jpg
002840,1,Eidfjord Norway,https://media.thomson.co.uk/asset/lpp/v01/030/376.jpg
002840,2,,https://media.thomson.co.uk/asset/lpp/v01/113/255.jpg
002840,3,Eidfjord Norway,https://media.thomson.co.uk/asset/lpp/v00/617/369.jpg
002829,1,Flam Norway,https://media.thomson.co.uk/asset/lpp/v01/058/955.jpg
002829,2,,https://media.thomson.co.uk/asset/lpp/v01/103/233.jpg
002829,3,Flam Railway Norway,https://media.thomson.co.uk/asset/lpp/v00/989/435.jpg
002829,4,Flam Norway,https://media.thomson.co.uk/asset/lpp/v01/058/961.jpg
002829,5,Flam Norway,https://media.thomson.co.uk/asset/lpp/v01/114/671.jpg
002829,6,Kjosfossen Waterfall Flam Norway,https://media.thomson.co.uk/asset/lpp/v01/058/957.jpg
002829,7,Flam Norway,https://media.thomson.co.uk/asset/lpp/v01/114/495.jpg
002829,8,Flam Norway,https://media.thomson.co.uk/asset/lpp/v00/989/437.jpg
002829,9,Flam Railway Norway,https://media.thomson.co.uk/asset/lpp/v01/114/673.jpg
002829,10,Flam Norway,https://media.thomson.co.uk/asset/lpp/v01/114/475.jpg
002829,11,Flam Railway Norway,https://media.thomson.co.uk/asset/lpp/v01/114/485.jpg
000590,1,,https://media.thomson.co.uk/asset/lpp/v01/252/963.jpg
000590,2,Geiranger Norway,https://media.thomson.co.uk/asset/lpp/v01/114/477.jpg
000590,3,Geirangerfjord Norway,https://media.thomson.co.uk/asset/lpp/v01/114/509.jpg
000590,4,Geiranger Norway,https://media.thomson.co.uk/asset/lpp/v01/114/513.jpg
000590,5,Geiranger Norway,https://media.thomson.co.uk/asset/lpp/v01/102/823.jpg
000590,6,Geiranger Church Norway,https://media.thomson.co.uk/asset/lpp/v00/977/836.jpg
000590,7,Geiranger Norway,https://media.thomson.co.uk/asset/lpp/v01/114/491.jpg
000590,8,Geiranger Norway,https://media.thomson.co.uk/asset/lpp/v01/114/503.jpg
000590,9,Geiranger Norway,https://media.thomson.co.uk/asset/lpp/v00/930/667.jpg
000590,10,Geiranger Norway,https://media.thomson.co.uk/asset/lpp/v01/114/483.jpg
002835,1,Honningsvag Norway,https://media.thomson.co.uk/asset/lpp/v01/114/549.jpg
002835,2,Honningsvag Norway,https://media.thomson.co.uk/asset/lpp/v01/114/545.jpg
002835,3,Honningsvag Norway,https://media.thomson.co.uk/asset/lpp/v00/617/889.jpg
002835,4,Honningsvag Harbour Norway,https://media.thomson.co.uk/asset/lpp/v01/031/747.jpg
002835,5,North Cape Honningsvag Norway,https://media.thomson.co.uk/asset/lpp/v00/933/739.jpg
002835,6,Honningsvag Norway,https://media.thomson.co.uk/asset/lpp/v01/114/533.jpg
CMS020,1,Isafjord Iceland,https://media.thomson.co.uk/asset/lpp/v00/990/762.jpg
CMS020,2,Isafjord Iceland,https://media.thomson.co.uk/asset/lpp/v00/974/026.jpg
CMS020,3,Isafjord Iceland,https://media.thomson.co.uk/asset/lpp/v00/713/217.jpg
CMS006,1,,https://media.thomson.co.uk/asset/lpp/v01/254/591.jpg
CMS006,2,,https://media.thomson.co.uk/asset/lpp/v01/254/585.jpg
CMS006,3,,https://media.thomson.co.uk/asset/lpp/v01/254/593.jpg
CMS006,4,,https://media.thomson.co.uk/asset/lpp/v01/254/597.jpg
CMS006,5,,https://media.thomson.co.uk/asset/lpp/v01/256/601.jpg
003435,1,Olden Norway,https://media.thomson.co.uk/asset/lpp/v00/993/928.jpg
003435,2,,https://media.thomson.co.uk/asset/lpp/v01/343/748.jpg
003435,3,,https://media.thomson.co.uk/asset/lpp/v01/343/980.jpg
003435,4,,https://media.thomson.co.uk/asset/lpp/v01/343/736.jpg
003435,5,,https://media.thomson.co.uk/asset/lpp/v01/343/744.jpg
003435,6,,https://media.thomson.co.uk/asset/lpp/v01/343/742.jpg
003435,7,,https://media.thomson.co.uk/asset/lpp/v01/343/738.jpg
CMS025,1,,https://media.thomson.co.uk/asset/lpp/v00/713/267.jpg
CMS025,2,,https://media.thomson.co.uk/asset/lpp/v00/424/749.jpg
CMS025,3,Iron Age Farm Stavenger Norway,https://media.thomson.co.uk/asset/lpp/v00/982/465.jpg
002841,1,Brandenburg Gate Berlin Germany,https://media.thomson.co.uk/asset/lpp/v00/931/802.jpg
001636,1,Heraklion harbour Crete,https://media.thomson.co.uk/asset/lpp/v01/114/539.jpg
001636,2,Temple Heraklion Crete,https://media.thomson.co.uk/asset/lpp/v01/114/635.jpg
001636,3,Heraklion harbour Crete,https://media.thomson.co.uk/asset/lpp/v01/114/629.jpg
001636,4,Heraklion Crete,https://media.thomson.co.uk/asset/lpp/v01/188/064.jpg
001636,5,The Church of Agios Titos Heraklion Crete,https://media.thomson.co.uk/asset/lpp/v01/114/531.jpg
001636,6,Heraklion Crete,https://media.thomson.co.uk/asset/lpp/v01/114/583.jpg
001636,7,Knossos Palace Heraklion Crete,https://media.thomson.co.uk/asset/lpp/v01/110/157.jpg
001636,8,Koules Venetian Fortress Heraklion Crete,https://media.thomson.co.uk/asset/lpp/v01/025/116.jpg
000454,1,Kusadasi Turkey,https://media.thomson.co.uk/asset/lpp/v00/724/976.jpg
000454,2,Ephesus City Kusadasi Turkey,https://media.thomson.co.uk/asset/lpp/v00/618/137.jpg
000454,3,Ephesus Kusadasi Turkey,https://media.thomson.co.uk/asset/lpp/v01/134/226.jpg
000454,4,Kusadasi Turkey,https://media.thomson.co.uk/asset/lpp/v01/027/526.jpg
000454,5,Ephesus City Kusadasi Turkey,https://media.thomson.co.uk/asset/lpp/v00/950/111.jpg
000454,6,Kusadasi Turkey,https://media.thomson.co.uk/asset/lpp/v00/982/697.jpg
000454,7,Kusadasi Turkey,https://media.thomson.co.uk/asset/lpp/v00/752/636.jpg
000454,8,Kusadasi beach Turkey,https://media.thomson.co.uk/asset/lpp/v01/005/152.jpg
000454,9,The House of Mary Kusadasi Turkey,https://media.thomson.co.uk/asset/lpp/v00/997/625.jpg
000454,10,Kusadasi Turkey,https://media.thomson.co.uk/asset/lpp/v00/982/689.jpg
000655,1,,https://media.thomson.co.uk/asset/lpp/v01/257/299.jpg
000655,2,Piazza San Marco and Doges Palace Venice Italy,https://media.thomson.co.uk/asset/lpp/v01/121/555.jpg
000655,3,,https://media.thomson.co.uk/asset/lpp/v01/258/001.jpg
000655,4,Grand Canal Venice Italy,https://media.thomson.co.uk/asset/lpp/v01/121/563.jpg
000655,5,Venice Italy,https://media.thomson.co.uk/asset/lpp/v01/121/571.jpg
000655,6,Venice Italy,https://media.thomson.co.uk/asset/lpp/v01/192/267.jpg
000655,7,,https://media.thomson.co.uk/asset/lpp/v01/121/637.jpg
000655,8,Venice Italy,https://media.thomson.co.uk/asset/lpp/v00/725/172.jpg
000655,9,San Giorgio Island Venice. Italy,https://media.thomson.co.uk/asset/lpp/v01/192/269.jpg
000655,10,Venice Italy,https://media.thomson.co.uk/asset/lpp/v01/192/271.jpg
000655,11,Venice Italy,https://media.thomson.co.uk/asset/lpp/v01/066/379.jpg
000965,1,,https://media.thomson.co.uk/asset/lpp/v00/923/635.jpg
000965,2,Zakynthos Town Zante,https://media.thomson.co.uk/asset/lpp/v00/923/615.jpg
000965,3,,https://media.thomson.co.uk/asset/lpp/v01/224/119.jpg
000965,4,,https://media.thomson.co.uk/asset/lpp/v01/224/113.jpg
000965,5,,https://media.thomson.co.uk/asset/lpp/v00/923/621.jpg
000965,6,,https://media.thomson.co.uk/asset/lpp/v00/923/623.jpg
000965,7,,https://media.thomson.co.uk/asset/lpp/v01/224/131.jpg
000965,8,,https://media.thomson.co.uk/asset/lpp/v00/923/627.jpg
000965,9,,https://media.thomson.co.uk/asset/lpp/v01/224/111.jpg
000965,10,Zakynthos Town Zante,https://media.thomson.co.uk/asset/lpp/v00/923/625.jpg
000373,1,G&#252;ell Park Barcelona,https://media.thomson.co.uk/asset/lpp/v01/064/614.jpg
000373,2,Sagrada Fam&#237;lia Barcelona Spain,https://media.thomson.co.uk/asset/lpp/v01/137/343.jpg
000373,3,G&#252;ell Park Barcelona,https://media.thomson.co.uk/asset/lpp/v01/025/124.jpg
000373,4,Palau Nacional Barcelona,https://media.thomson.co.uk/asset/lpp/v01/025/120.jpg
000373,5,,https://media.thomson.co.uk/asset/lpp/v01/385/264.jpg
000373,6,Sagrada Fam&#237;lia Barcelona Spain,https://media.thomson.co.uk/asset/lpp/v01/137/341.jpg
000373,7,Nou Camp Barcelona,https://media.thomson.co.uk/asset/lpp/v01/073/209.jpg
000373,8,G&#252;ell Park Barcelona,https://media.thomson.co.uk/asset/lpp/v00/617/383.jpg
000373,9,Barcelona Spain,https://media.thomson.co.uk/asset/lpp/v01/064/608.jpg
000373,10,Las Ramblas Barcelona,https://media.thomson.co.uk/asset/lpp/v01/120/415.jpg
000373,11,Arc de Triomf Barcelona Spain,https://media.thomson.co.uk/asset/lpp/v01/124/388.jpg
000373,12,Barcelona Spain,https://media.thomson.co.uk/asset/lpp/v01/064/606.jpg
000373,13,G&#252;ell Park Barcelona,https://media.thomson.co.uk/asset/lpp/v01/025/126.jpg
000373,14,Columbus Monument Barcelona,https://media.thomson.co.uk/asset/lpp/v00/711/335.jpg
000373,15,Sagrada Fam&#237;lia Barcelona,https://media.thomson.co.uk/asset/lpp/v00/882/731.jpg
000373,16,,https://media.thomson.co.uk/asset/lpp/v01/262/996.jpg
000373,17,,https://media.thomson.co.uk/asset/lpp/v01/385/268.jpg
000373,18,,https://media.thomson.co.uk/asset/lpp/v01/385/228.jpg
000373,19,,https://media.thomson.co.uk/asset/lpp/v01/385/238.jpg
000373,20,,https://media.thomson.co.uk/asset/lpp/v01/384/656.jpg
002693,1,Cartagena Costa Blanca Spain,https://media.thomson.co.uk/asset/lpp/v01/039/169.jpg
002693,2,Cabo de Palos lighthouse Cartagena Spain,https://media.thomson.co.uk/asset/lpp/v01/101/303.jpg
002693,4,,https://media.thomson.co.uk/asset/lpp/v01/192/983.jpg
003441,1,,https://media.thomson.co.uk/asset/lpp/v01/253/807.jpg
003441,2,,https://media.thomson.co.uk/asset/lpp/v00/993/924.jpg
003441,3,,https://media.thomson.co.uk/asset/lpp/v00/617/973.jpg
003441,4,Bayeux tapestry,https://media.thomson.co.uk/asset/lpp/v00/617/971.jpg
003441,5,,https://media.thomson.co.uk/asset/lpp/v00/617/967.jpg
002867,1,,https://media.thomson.co.uk/asset/lpp/v01/257/567.jpg
002867,2,,https://media.thomson.co.uk/asset/lpp/v01/257/569.jpg
002867,3,,https://media.thomson.co.uk/asset/lpp/v00/713/211.jpg
002867,4,,https://media.thomson.co.uk/asset/lpp/v00/930/594.jpg
002867,5,,https://media.thomson.co.uk/asset/lpp/v00/713/213.jpg
002699,1,La Spezia Italy,https://media.thomson.co.uk/asset/lpp/v01/121/445.jpg
002699,2,La Spezia Italy,https://media.thomson.co.uk/asset/lpp/v01/121/437.jpg
002699,3,Pisa Cathedral Italy,https://media.thomson.co.uk/asset/lpp/v01/121/667.jpg
002699,4,Cinque Terre Fishing Village La Spezia Ligurian Riviera,https://media.thomson.co.uk/asset/lpp/v00/886/181.jpg
002699,5,Florence Italy,https://media.thomson.co.uk/asset/lpp/v00/958/095.jpg
002699,6,La Spezia Italy,https://media.thomson.co.uk/asset/lpp/v01/121/419.jpg
002699,7,La Spezia Italy,https://media.thomson.co.uk/asset/lpp/v01/121/469.jpg
002628,1,Palamos Costa Brava,https://media.thomson.co.uk/asset/lpp/v01/027/534.jpg
002628,2,Barcelona Spain,https://media.thomson.co.uk/asset/lpp/v01/064/614.jpg
002628,3,Palamos Costa Brava,https://media.thomson.co.uk/asset/lpp/v01/027/536.jpg
002628,4,Las Ramblas Barcelona Spain,https://media.thomson.co.uk/asset/lpp/v01/120/415.jpg
000282,1,,https://media.thomson.co.uk/asset/lpp/v01/262/984.jpg
000282,2,Palmas cathedral Majorca,https://media.thomson.co.uk/asset/lpp/v00/694/565.jpg
000282,3,,https://media.thomson.co.uk/asset/lpp/v00/984/980.jpg
000282,4,Palmas cathedral Majorca,https://media.thomson.co.uk/asset/lpp/v00/694/591.jpg
000282,5,,https://media.thomson.co.uk/asset/lpp/v00/694/577.jpg
000282,6,Palmas cathedral Majorca,https://media.thomson.co.uk/asset/lpp/v01/171/524.jpg
000282,7,Palma Majorca,https://media.thomson.co.uk/asset/lpp/v01/171/566.jpg
000282,8,Palmas cathedral Majorca,https://media.thomson.co.uk/asset/lpp/v01/171/466.jpg
000282,9,,https://media.thomson.co.uk/asset/lpp/v00/694/575.jpg
000282,10,Palma Majorca,https://media.thomson.co.uk/asset/lpp/v01/171/540.jpg
000282,11,Majorcan chocolates,https://media.thomson.co.uk/asset/lpp/v00/694/599.jpg
003090,1,Cassis harbour Toulon Cote DAzur,https://media.thomson.co.uk/asset/lpp/v01/081/748.jpg
003090,2,Aix-En-Provence Toulon Cote DAzur,https://media.thomson.co.uk/asset/lpp/v01/081/750.jpg
003090,3,Toulon marina France,https://media.thomson.co.uk/asset/lpp/v00/886/171.jpg
003588,1,Trapani Sicily Italy,https://media.thomson.co.uk/asset/lpp/v01/131/703.jpg
003588,2,The Doric Temple Trapani Sicily Italy,https://media.thomson.co.uk/asset/lpp/v01/131/701.jpg
003588,3,Trapani Church Sicily Italy,https://media.thomson.co.uk/asset/lpp/v01/131/709.jpg
003588,4,Erice Trapani Italy,https://media.thomson.co.uk/asset/lpp/v00/920/408.jpg
003588,5,The Doric Temple Sicily Italy,https://media.thomson.co.uk/asset/lpp/v00/920/414.jpg
003588,6,Trapani Sicily Italy,https://media.thomson.co.uk/asset/lpp/v01/131/705.jpg
003588,7,The Doric Temple Trapani Sicily Italy,https://media.thomson.co.uk/asset/lpp/v00/929/584.jpg
002849,1,,https://media.thomson.co.uk/asset/lpp/v00/976/633.jpg
002849,1,,https://media.thomson.co.uk/asset/lpp/v00/950/067.jpg
002849,1,Newcastle UK,https://media.thomson.co.uk/asset/lpp/v00/931/804.jpg
002849,1,,https://media.thomson.co.uk/asset/lpp/v00/691/571.jpg
002849,1,,https://media.thomson.co.uk/asset/lpp/v01/191/007.jpg
002849,1,,https://media.thomson.co.uk/asset/lpp/v01/009/079.jpg
CMS201,2,The Little Mermaid Statue Copenhagen Denmark,https://media.thomson.co.uk/asset/lpp/v01/104/860.jpg
CMS201,3,Copenhagen canals Denmark,https://media.thomson.co.uk/asset/lpp/v01/104/848.jpg
002822,1,Honfleur Le Havre,https://media.thomson.co.uk/asset/lpp/v00/713/221.jpg
002822,2,Honfleur Le Havre France,https://media.thomson.co.uk/asset/lpp/v01/050/696.jpg
002822,3,Edward the confessor Bayeux Tapestry,https://media.thomson.co.uk/asset/lpp/v01/019/583.jpg
002822,4,Bayeux Cathedral,https://media.thomson.co.uk/asset/lpp/v00/875/828.jpg
000784,1,,https://media.thomson.co.uk/asset/lpp/v01/133/037.jpg
000784,2,,https://media.thomson.co.uk/asset/lpp/v01/101/221.jpg
000784,3,,https://media.thomson.co.uk/asset/lpp/v00/931/556.jpg
000784,4,,https://media.thomson.co.uk/asset/lpp/v01/030/388.jpg
000784,5,,https://media.thomson.co.uk/asset/lpp/v00/976/411.jpg
000784,6,Winter Palace St Petersburg Russia,https://media.thomson.co.uk/asset/lpp/v00/973/998.jpg
000784,7,,https://media.thomson.co.uk/asset/lpp/v01/133/033.jpg
000784,8,,https://media.thomson.co.uk/asset/lpp/v01/104/109.jpg
002166,1,Mykonos Town,https://media.thomson.co.uk/asset/lpp/v01/081/042.jpg
002166,2,Mykonos Town,https://media.thomson.co.uk/asset/lpp/v01/121/665.jpg
002166,3,Mykonos Town,https://media.thomson.co.uk/asset/lpp/v01/121/447.jpg
002166,4,Mykonos Town,https://media.thomson.co.uk/asset/lpp/v01/155/889.jpg
002166,5,Mykonos Town,https://media.thomson.co.uk/asset/lpp/v01/121/541.jpg
002166,6,Mykonos Town,https://media.thomson.co.uk/asset/lpp/v00/763/438.jpg
002166,7,Mykonos Town,https://media.thomson.co.uk/asset/lpp/v01/121/433.jpg
002166,8,Mykonos Town,https://media.thomson.co.uk/asset/lpp/v01/121/551.jpg
002166,9,Mykonos Town,https://media.thomson.co.uk/asset/lpp/v00/763/477.jpg
002166,10,Mykonos Town,https://media.thomson.co.uk/asset/lpp/v01/190/461.jpg
004070,1,Porto Portugal,https://media.thomson.co.uk/asset/lpp/v01/113/997.jpg
004070,2,Porto Portugal,https://media.thomson.co.uk/asset/lpp/v01/124/966.jpg
004070,3,Duoro River Porto Portugal,https://media.thomson.co.uk/asset/lpp/v01/124/968.jpg
004070,4,Dom Lus Bridge Porto Portugal,https://media.thomson.co.uk/asset/lpp/v01/125/010.jpg
004070,5,Porto Cathedral Portugal,https://media.thomson.co.uk/asset/lpp/v01/124/996.jpg
004070,6,City Hall Porto Portugal,https://media.thomson.co.uk/asset/lpp/v01/125/028.jpg
004070,7,Duoro River Porto Portugal,https://media.thomson.co.uk/asset/lpp/v01/099/650.jpg
004070,8,Porto Portugal,https://media.thomson.co.uk/asset/lpp/v01/124/972.jpg
004070,9,,https://media.thomson.co.uk/asset/lpp/v01/099/656.jpg
L00203,1,Kotor Bay Montenegro,https://media.thomson.co.uk/asset/lpp/v01/108/538.jpg
L00203,2,Village of Perast Kotor Bay Montenegro,https://media.thomson.co.uk/asset/lpp/v01/114/591.jpg
L00203,3,Perast Kotor Bay Montenegro,https://media.thomson.co.uk/asset/lpp/v01/114/585.jpg
L00203,4,Kotor Bay Montenegro,https://media.thomson.co.uk/asset/lpp/v00/886/185.jpg
L00203,5,Monastery of St. Francis Montenegro,https://media.thomson.co.uk/asset/lpp/v01/114/603.jpg
L00203,6,Kotor Bay Montenegro,https://media.thomson.co.uk/asset/lpp/v01/108/139.jpg
L00203,7,,https://media.thomson.co.uk/asset/lpp/v01/127/114.jpg
L01211,1,,https://media.thomson.co.uk/asset/lpp/v00/886/197.jpg
L01215,1,Caret Islet Point-a-Pitre Guadeloupe,https://media.thomson.co.uk/asset/lpp/v01/151/204.jpg
L01215,2,Le Gosier Guadeloupe,https://media.thomson.co.uk/asset/lpp/v01/152/346.jpg
L01215,3,Le Moule Guadeloupe,https://media.thomson.co.uk/asset/lpp/v01/152/334.jpg
L01215,4,Basse-Terre Guadeloupe,https://media.thomson.co.uk/asset/lpp/v01/152/356.jpg
L01215,5,Point-a-Pitre Guadeloupe,https://media.thomson.co.uk/asset/lpp/v01/152/342.jpg
L01215,6,Caret Islet Point-a-Pitre Guadeloupe,https://media.thomson.co.uk/asset/lpp/v01/151/190.jpg
L01215,7,,https://media.thomson.co.uk/asset/lpp/v01/234/274.jpg
L01218,1,Philipsburg St Maarten,https://media.thomson.co.uk/asset/lpp/v01/101/215.jpg
L01218,2,Philipsburg St Maarten,https://media.thomson.co.uk/asset/lpp/v01/121/645.jpg
L01218,3,Philipsburg St Maarten,https://media.thomson.co.uk/asset/lpp/v01/121/543.jpg
L01218,4,Philipsburg St Maarten,https://media.thomson.co.uk/asset/lpp/v01/034/233.jpg
L01218,5,Philipsburg St Maarten,https://media.thomson.co.uk/asset/lpp/v01/121/663.jpg
L01218,6,Philipsburg St Maarten,https://media.thomson.co.uk/asset/lpp/v01/121/417.jpg
004448,1,Thira Santorini,https://media.thomson.co.uk/asset/lpp/v00/920/372.jpg
004448,2,Thira Santorini,https://media.thomson.co.uk/asset/lpp/v01/102/461.jpg
004448,3,Thira Santorini,https://media.thomson.co.uk/asset/lpp/v00/920/374.jpg
004448,4,Thira Santorini,https://media.thomson.co.uk/asset/lpp/v00/920/366.jpg
004448,5,Thira Santorini,https://media.thomson.co.uk/asset/lpp/v01/201/574.jpg
004448,6,Thira Santorini,https://media.thomson.co.uk/asset/lpp/v01/193/905.jpg
004448,7,Nea Kameni Thira Santorini,https://media.thomson.co.uk/asset/lpp/v01/201/572.jpg
004448,8,Thira Santorini,https://media.thomson.co.uk/asset/lpp/v00/829/427.jpg
004448,9,Thira Santorini,https://media.thomson.co.uk/asset/lpp/v01/198/536.jpg
004668,1,Cozumel Mexico,https://media.thomson.co.uk/asset/lpp/v00/862/004.jpg
004668,2,Cozumel lighthouse Mexico,https://media.thomson.co.uk/asset/lpp/v00/734/046.jpg
004668,3,Cozumel Mexico,https://media.thomson.co.uk/asset/lpp/v00/734/052.jpg
004668,4,Cozumel Mexico,https://media.thomson.co.uk/asset/lpp/v00/734/056.jpg
004668,5,Diving excursions Cozumel Mexico,https://media.thomson.co.uk/asset/lpp/v00/733/978.jpg
004668,6,Cozumel ruins Mexico,https://media.thomson.co.uk/asset/lpp/v00/733/986.jpg
004668,7,Cozumel Mexico,https://media.thomson.co.uk/asset/lpp/v00/734/076.jpg
004668,8,Cozumel Mexico,https://media.thomson.co.uk/asset/lpp/v00/734/022.jpg
004668,9,Cozumel Mexico,https://media.thomson.co.uk/asset/lpp/v00/734/050.jpg
004668,10,Cozumel Mexico,https://media.thomson.co.uk/asset/lpp/v00/734/038.jpg
004668,11,,https://media.thomson.co.uk/asset/lpp/v01/226/415.jpg
004668,12,Cozumel Beach Mexico,https://media.thomson.co.uk/asset/lpp/v00/734/044.jpg
004966,1,Gateway to India Mumbai,https://media.thomson.co.uk/asset/lpp/v01/366/072.jpg
004966,2,Rajabai Clock Tower Mumbai India,https://media.thomson.co.uk/asset/lpp/v01/360/790.jpg
004966,3,Hanging Gardens Mumbai India,https://media.thomson.co.uk/asset/lpp/v01/360/788.jpg
004966,4,,https://media.thomson.co.uk/asset/lpp/v01/177/564.jpg
005186,1,Marble City Marina di Carrara Italy,https://media.thomson.co.uk/asset/lpp/v01/251/477.jpg
005186,2,Marble City Marina di Carrara Italy,https://media.thomson.co.uk/asset/lpp/v01/251/475.jpg
005186,3,,https://media.thomson.co.uk/asset/lpp/v00/981/185.jpg
005186,4,Florence Italy,https://media.thomson.co.uk/asset/lpp/v01/242/222.jpg
005186,5,Pisa Italy,https://media.thomson.co.uk/asset/lpp/v01/080/528.jpg
006233,1,Fort de France Martinique,https://media.thomson.co.uk/asset/lpp/v01/238/066.jpg
006233,2,Fortress Fort de France Martinique,https://media.thomson.co.uk/asset/lpp/v01/232/902.jpg
006233,3,St Louis cathedral Fort de France Martinique,https://media.thomson.co.uk/asset/lpp/v01/232/898.jpg
006233,4,Fort de France Martinique,https://media.thomson.co.uk/asset/lpp/v01/237/742.jpg
006233,5,Fort de France Martinique,https://media.thomson.co.uk/asset/lpp/v01/232/900.jpg
006233,6,Fort de France Martinique,https://media.thomson.co.uk/asset/lpp/v01/232/904.jpg
002049,1,St Georges Grenada,https://media.thomson.co.uk/asset/lpp/v01/135/976.jpg
002049,2,St Georges Grenada,https://media.thomson.co.uk/asset/lpp/v01/038/831.jpg
002049,3,St Georges Grenada,https://media.thomson.co.uk/asset/lpp/v01/135/974.jpg
002049,4,St Georges Grenada,https://media.thomson.co.uk/asset/lpp/v00/292/588.jpg
002049,5,St Georges Grenada,https://media.thomson.co.uk/asset/lpp/v01/135/980.jpg
002695,1,Sete France,https://media.thomson.co.uk/asset/lpp/v00/886/177.jpg
002695,2,Sete Harbour France,https://media.thomson.co.uk/asset/lpp/v01/124/412.jpg
002695,3,Carcassonne France,https://media.thomson.co.uk/asset/lpp/v01/186/772.jpg
000931,1,Rhodes New Town,https://media.thomson.co.uk/asset/lpp/v01/068/573.jpg
000931,2,Rhodes Town Rhodes,https://media.thomson.co.uk/asset/lpp/v01/198/168.jpg
000931,3,Harbour Rhodes Town Rhodes,https://media.thomson.co.uk/asset/lpp/v00/885/763.jpg
000931,4,Hippocrates square Rhodes Town Rhodes,https://media.thomson.co.uk/asset/lpp/v01/198/166.jpg
000931,5,Agios Nikolaos fortress Mandraki harbour Rhodes Town,https://media.thomson.co.uk/asset/lpp/v01/198/172.jpg
000931,6,Palace of the Grand Masters Rhodes Town Rhodes,https://media.thomson.co.uk/asset/lpp/v01/198/174.jpg
000931,7,Avenue of the Knights Rhodes,https://media.thomson.co.uk/asset/lpp/v00/980/607.jpg
000931,8,Mandraki Harbour Rhodes Town Rhodes,https://media.thomson.co.uk/asset/lpp/v00/885/781.jpg
L15621,1,Willemstad Curacao,https://media.thomson.co.uk/asset/lpp/v01/121/569.jpg
L15621,2,Knip beach Willemstad Curacao,https://media.thomson.co.uk/asset/lpp/v01/079/598.jpg
L15621,3,Willemstad Curacao,https://media.thomson.co.uk/asset/lpp/v01/033/105.jpg
L15621,4,Willemstad Curacao,https://media.thomson.co.uk/asset/lpp/v01/121/581.jpg
L15621,5,Willemstad Curacao,https://media.thomson.co.uk/asset/lpp/v01/121/561.jpg
L15621,6,Willemstad Curacao,https://media.thomson.co.uk/asset/lpp/v00/930/452.jpg
L15647,1,Roatan Honduras,https://media.thomson.co.uk/asset/lpp/v01/098/358.jpg
L15647,2,Roatan Honduras,https://media.thomson.co.uk/asset/lpp/v01/125/769.jpg
L15647,3,,https://media.thomson.co.uk/asset/lpp/v00/937/421.jpg
L15647,4,Roatan Honduras,https://media.thomson.co.uk/asset/lpp/v01/125/773.jpg
L15647,5,Roatan Honduras,https://media.thomson.co.uk/asset/lpp/v01/094/284.jpg
L15647,6,Roatan Honduras,https://media.thomson.co.uk/asset/lpp/v01/125/771.jpg
L15647,7,Roatan Honduras,https://media.thomson.co.uk/asset/lpp/v01/125/767.jpg
L15647,8,Roatan Honduras,https://media.thomson.co.uk/asset/lpp/v01/101/217.jpg
L15649,1,Tayrona National Park Santa Marta Colombia,https://media.thomson.co.uk/asset/lpp/v01/199/182.jpg
L15649,2,Tayrona National Park Santa Marta Colombia,https://media.thomson.co.uk/asset/lpp/v01/193/829.jpg
L15649,3,City Hall Santa Marta Colombia,https://media.thomson.co.uk/asset/lpp/v01/193/825.jpg
L15649,4,Cathedral Santa Marta Colombia,https://media.thomson.co.uk/asset/lpp/v01/199/172.jpg
L15649,5,,https://media.thomson.co.uk/asset/lpp/v01/195/311.jpg
L15649,6,Santa Marta Colombia,https://media.thomson.co.uk/asset/lpp/v01/199/186.jpg
L15649,7,Tayrona National Park Santa Marta Colombia,https://media.thomson.co.uk/asset/lpp/v01/199/188.jpg
L15649,8,Tayrona National Park Santa Marta Colombia,https://media.thomson.co.uk/asset/lpp/v01/199/178.jpg
L15650,1,,https://media.thomson.co.uk/asset/lpp/v01/255/941.jpg
L15650,2,Costa Maya Mexico,https://media.thomson.co.uk/asset/lpp/v01/099/490.jpg
L15650,3,Chacchoben ruins Costa Maya Mexico,https://media.thomson.co.uk/asset/lpp/v01/094/296.jpg
L15663,1,Kingstown St Vincent &amp; The Grenadines,https://media.thomson.co.uk/asset/lpp/v00/892/913.jpg
L15663,2,Kingstown St Vincent &amp; The Grenadines,https://media.thomson.co.uk/asset/lpp/v00/893/008.jpg
L15663,3,Kingstown St Vincent &amp; The Grenadines,https://media.thomson.co.uk/asset/lpp/v00/982/459.jpg
002112,1,Agadir Morocco,https://media.thomson.co.uk/asset/lpp/v00/936/256.jpg
002112,2,Agadir Morocco,https://media.thomson.co.uk/asset/lpp/v00/308/324.jpg
002112,3,Agadir Morocco,https://media.thomson.co.uk/asset/lpp/v01/069/373.jpg
002112,4,Mosque Agadir,https://media.thomson.co.uk/asset/lpp/v01/025/629.jpg
002112,5,,https://media.thomson.co.uk/asset/lpp/v01/012/530.jpg
002112,6,Spice Market Agadir,https://media.thomson.co.uk/asset/lpp/v00/308/326.jpg
002112,7,Agadir Morocco,https://media.thomson.co.uk/asset/lpp/v00/936/266.jpg
002112,8,Agadir Morocco,https://media.thomson.co.uk/asset/lpp/v00/770/868.jpg
002112,9,Agadir Marina,https://media.thomson.co.uk/asset/lpp/v00/936/284.jpg
002112,10,Agadir,https://media.thomson.co.uk/asset/lpp/v00/982/515.jpg
002112,11,,https://media.thomson.co.uk/asset/lpp/v01/325/036.jpg
L21485,1,Colon Panama,https://media.thomson.co.uk/asset/lpp/v00/969/299.jpg
L21485,2,Gatun Lake Colon Panama,https://media.thomson.co.uk/asset/lpp/v00/988/923.jpg
L21485,3,Panama City,https://media.thomson.co.uk/asset/lpp/v01/107/561.jpg
L21485,4,Colon Panama,https://media.thomson.co.uk/asset/lpp/v01/151/678.jpg
L21487,1,Puerto Limon Costa Rica,https://media.thomson.co.uk/asset/lpp/v01/107/539.jpg
L21487,2,Corcovado National Park Costa Rica,https://media.thomson.co.uk/asset/lpp/v01/107/505.jpg
L21487,3,Mountain views near San Jose Puerto Limon Costa Rica,https://media.thomson.co.uk/asset/lpp/v01/099/692.jpg
L21487,4,Puerto Limon Costa Rica,https://media.thomson.co.uk/asset/lpp/v01/107/499.jpg
L21487,5,,https://media.thomson.co.uk/asset/lpp/v01/107/611.jpg
L21487,6,,https://media.thomson.co.uk/asset/lpp/v01/107/477.jpg
L21487,7,Puerto Limon Costa Rica,https://media.thomson.co.uk/asset/lpp/v01/107/629.jpg
L21487,8,Puerto Limon Costa Rica,https://media.thomson.co.uk/asset/lpp/v01/107/491.jpg
L21487,9,Puerto Limon Costa Rica,https://media.thomson.co.uk/asset/lpp/v01/107/497.jpg
L21487,10,,https://media.thomson.co.uk/asset/lpp/v01/107/493.jpg
L21487,11,Monteverde Costa Rica,https://media.thomson.co.uk/asset/lpp/v01/107/631.jpg
L21487,12,Puerto Limon Costa Rica,https://media.thomson.co.uk/asset/lpp/v01/107/525.jpg
L21521,1,Cartagena Colombia,https://media.thomson.co.uk/asset/lpp/v01/125/759.jpg
L21521,2,Church of St Peter Claver Cartagena Colombia,https://media.thomson.co.uk/asset/lpp/v01/125/713.jpg
L21521,3,Cartagena Columbia,https://media.thomson.co.uk/asset/lpp/v01/094/282.jpg
L21521,4,Cathedral Cartagena Colombia,https://media.thomson.co.uk/asset/lpp/v01/125/719.jpg
L21521,5,Cartagena Colombia,https://media.thomson.co.uk/asset/lpp/v01/125/711.jpg
L21521,6,Cartagena Colombia,https://media.thomson.co.uk/asset/lpp/v01/125/717.jpg
000534,1,Montego Bay Jamaica,https://media.thomson.co.uk/asset/lpp/v00/562/951.jpg
000534,2,Margaritaville Montego Bay Jamaica,https://media.thomson.co.uk/asset/lpp/v00/562/929.jpg
000534,3,Montego Bay Jamaica,https://media.thomson.co.uk/asset/lpp/v01/154/130.jpg
000534,4,Dunns River Falls Ocho Rios Jamaica,https://media.thomson.co.uk/asset/lpp/v01/154/383.jpg
000534,5,Montego Bay Jamaica,https://media.thomson.co.uk/asset/lpp/v00/562/909.jpg
000534,6,Montego Bay Jamaica,https://media.thomson.co.uk/asset/lpp/v00/562/913.jpg
000534,7,Margaritaville Montego Bay Jamaica,https://media.thomson.co.uk/asset/lpp/v01/154/166.jpg
000534,8,Montego Bay Jamaica,https://media.thomson.co.uk/asset/lpp/v01/154/473.jpg
000534,9,Great Rose Hall House Montego Bay Jamaica,https://media.thomson.co.uk/asset/lpp/v01/154/172.jpg
000534,10,Montego Bay Jamaica,https://media.thomson.co.uk/asset/lpp/v01/121/449.jpg
L23103,1,,https://media.thomson.co.uk/asset/lpp/v00/992/408.jpg
L23103,2,,https://media.thomson.co.uk/asset/lpp/v00/992/380.jpg
L23103,3,,https://media.thomson.co.uk/asset/lpp/v00/992/376.jpg
L23103,4,,https://media.thomson.co.uk/asset/lpp/v00/992/438.jpg
L23103,5,,https://media.thomson.co.uk/asset/lpp/v00/992/410.jpg
L24561,1,Puerto del Rosario Fuerteventura,https://media.thomson.co.uk/asset/lpp/v01/121/639.jpg
L24561,2,Puerto del Rosario Fuerteventura,https://media.thomson.co.uk/asset/lpp/v01/121/651.jpg
L24561,3,Puerto del Rosario Fuerteventura,https://media.thomson.co.uk/asset/lpp/v00/452/394.jpg
L24561,4,Puerto Del Rosario Fuerteventura,https://media.thomson.co.uk/asset/lpp/v01/079/668.jpg
CMS105,1,Suez Canal Egypt,https://media.thomson.co.uk/asset/lpp/v01/232/152.jpg
CMS105,2,Suez Canal Egypt,https://media.thomson.co.uk/asset/lpp/v01/232/154.jpg
CMS105,3,Suez Canal Egypt,https://media.thomson.co.uk/asset/lpp/v01/232/156.jpg
CMS105,4,Suez Canal Egypt,https://media.thomson.co.uk/asset/lpp/v01/029/995.jpg
CMS105,5,,https://media.thomson.co.uk/asset/lpp/v01/030/362.jpg
L26343,1,Kristiansund Norway,https://media.thomson.co.uk/asset/lpp/v01/050/338.jpg
L26343,2,Kristiansund Norway,https://media.thomson.co.uk/asset/lpp/v00/999/028.jpg
L27684,1,Horta Azores,https://media.thomson.co.uk/asset/lpp/v01/031/755.jpg
L27684,2,Horta bay Azores,https://media.thomson.co.uk/asset/lpp/v01/087/266.jpg
L27684,3,Horta Azores,https://media.thomson.co.uk/asset/lpp/v01/022/996.jpg
L27684,4,Volcano Pico Azores,https://media.thomson.co.uk/asset/lpp/v01/087/272.jpg
L27684,5,,https://media.thomson.co.uk/asset/lpp/v01/289/532.jpg
L27684,6,,https://media.thomson.co.uk/asset/lpp/v01/289/526.jpg
L27685,1,Ponta Delgada Azores Portugal,https://media.thomson.co.uk/asset/lpp/v01/125/022.jpg
L27685,2,Ponta Delgada Azores Portugal,https://media.thomson.co.uk/asset/lpp/v01/125/034.jpg
L27685,3,Chapel of Mae De Deus Ponta Delgda Azores,https://media.thomson.co.uk/asset/lpp/v01/101/219.jpg
L27685,4,Ponta Delgada Azores,https://media.thomson.co.uk/asset/lpp/v01/030/358.jpg
L27691,1,Kralendijk Bonaire,https://media.thomson.co.uk/asset/lpp/v01/034/876.jpg
L27691,2,Washington Slagbaai National Park Bonaire,https://media.thomson.co.uk/asset/lpp/v01/081/262.jpg
L27691,3,Mesquite tree on coast of Bonaire,https://media.thomson.co.uk/asset/lpp/v01/069/325.jpg
000465,1,Dubrovnik Croatia,https://media.thomson.co.uk/asset/lpp/v01/128/364.jpg
000465,2,,https://media.thomson.co.uk/asset/lpp/v01/254/695.jpg
000465,3,,https://media.thomson.co.uk/asset/lpp/v01/262/554.jpg
000465,4,,https://media.thomson.co.uk/asset/lpp/v01/254/693.jpg
000465,5,,https://media.thomson.co.uk/asset/lpp/v01/254/697.jpg
000465,6,,https://media.thomson.co.uk/asset/lpp/v01/254/689.jpg
000465,7,,https://media.thomson.co.uk/asset/lpp/v01/262/556.jpg
000465,8,,https://media.thomson.co.uk/asset/lpp/v01/254/691.jpg
000465,9,Dubrovnik Croatia,https://media.thomson.co.uk/asset/lpp/v01/096/430.jpg
000465,10,Dubrovnik Croatia,https://media.thomson.co.uk/asset/lpp/v01/181/152.jpg
L29482,1,Amsterdam The Netherlands,https://media.thomson.co.uk/asset/lpp/v01/114/005.jpg
L29482,2,Amsterdam bridge The Netherlands,https://media.thomson.co.uk/asset/lpp/v01/114/421.jpg
L29482,3,Red Light District Amsterdam The Netherlands,https://media.thomson.co.uk/asset/lpp/v01/114/453.jpg
L29482,4,Montelbaanstoren Tower Amsterdam The Netherlands,https://media.thomson.co.uk/asset/lpp/v01/114/441.jpg
L29482,5,Streets of Amsterdam The Netherlands,https://media.thomson.co.uk/asset/lpp/v01/114/437.jpg
L29482,7,Amsterdam The Netherlands,https://media.thomson.co.uk/asset/lpp/v01/104/914.jpg
L29482,8,Amsterdam canal The Netherlands,https://media.thomson.co.uk/asset/lpp/v01/114/455.jpg
L29482,9,Amsterdam The Netherlands,https://media.thomson.co.uk/asset/lpp/v01/114/425.jpg
L29482,10,Red Light District Amsterdam The Netherlands,https://media.thomson.co.uk/asset/lpp/v01/104/912.jpg
L29482,11,Amsterdam The Netherlands,https://media.thomson.co.uk/asset/lpp/v01/052/656.jpg
L29646,1,,https://media.thomson.co.uk/asset/lpp/v01/053/076.jpg
L29646,2,Fredrikstad library Norway,https://media.thomson.co.uk/asset/lpp/v01/053/078.jpg
002834,1,Leknes Lofoten Islands Norway,https://media.thomson.co.uk/asset/lpp/v01/058/947.jpg
002834,2,Leknes Lofoten Islands Norway,https://media.thomson.co.uk/asset/lpp/v01/058/949.jpg
002834,3,Leknes Lofoten Islands Norway,https://media.thomson.co.uk/asset/lpp/v01/058/951.jpg
CMS004,1,,https://media.thomson.co.uk/asset/lpp/v01/256/595.jpg
CMS004,2,,https://media.thomson.co.uk/asset/lpp/v01/256/597.jpg
CMS004,3,,https://media.thomson.co.uk/asset/lpp/v01/256/593.jpg
004263,1,Bequia St Vincent and The Grenadines,https://media.thomson.co.uk/asset/lpp/v01/022/974.jpg
004263,2,Bequia St Vincent and The Grenadines,https://media.thomson.co.uk/asset/lpp/v01/022/972.jpg
004263,3,Bequia St Vincent and The Grenadines,https://media.thomson.co.uk/asset/lpp/v01/022/970.jpg
004263,4,Princess Margaret Beach Bequia St. Vincent &amp; The Grenadines,https://media.thomson.co.uk/asset/lpp/v01/121/733.jpg
004263,5,Bequia St Vincent and The Grenadines,https://media.thomson.co.uk/asset/lpp/v01/121/725.jpg
004404,1,,https://media.thomson.co.uk/asset/lpp/v01/255/939.jpg
004404,2,St Johns Cathedral Belize,https://media.thomson.co.uk/asset/lpp/v01/099/486.jpg
004404,3,Mayan Ruins Belize,https://media.thomson.co.uk/asset/lpp/v01/099/488.jpg
004404,4,Mayan Ruins Belize,https://media.thomson.co.uk/asset/lpp/v01/103/199.jpg
004404,5,,https://media.thomson.co.uk/asset/lpp/v01/094/280.jpg
L24601,1,,https://media.thomson.co.uk/asset/lpp/v01/248/831.jpg
L24601,2,,https://media.thomson.co.uk/asset/lpp/v01/248/841.jpg
L24601,3,,https://media.thomson.co.uk/asset/lpp/v01/248/835.jpg
L24601,4,San Sebastian City Hall La Gomera,https://media.thomson.co.uk/asset/lpp/v01/124/985.jpg
L24601,5,,https://media.thomson.co.uk/asset/lpp/v01/248/837.jpg
L24601,6,,https://media.thomson.co.uk/asset/lpp/v01/248/839.jpg
L25263,1,,https://media.thomson.co.uk/asset/lpp/v01/255/685.jpg
L25263,2,,https://media.thomson.co.uk/asset/lpp/v01/255/689.jpg
L25263,3,,https://media.thomson.co.uk/asset/lpp/v01/255/687.jpg
L25263,4,,https://media.thomson.co.uk/asset/lpp/v01/255/681.jpg
L25263,5,,https://media.thomson.co.uk/asset/lpp/v01/255/683.jpg
L25263,6,,https://media.thomson.co.uk/asset/lpp/v01/255/691.jpg
L25263,7,Jarlshof Lerwick Shetland Islands,https://media.thomson.co.uk/asset/lpp/v00/997/788.jpg
L25266,1,Jotunheimen National Park Skjolden,https://media.thomson.co.uk/asset/lpp/v01/050/664.jpg
L25266,2,Skjolden Norway,https://media.thomson.co.uk/asset/lpp/v01/058/983.jpg
L25266,3,Skjolden Norway,https://media.thomson.co.uk/asset/lpp/v00/997/790.jpg
L25266,4,,https://media.thomson.co.uk/asset/lpp/v01/050/746.jpg
L27761,1,Gijon Spain,https://media.thomson.co.uk/asset/lpp/v01/022/942.jpg
L27761,2,,https://media.thomson.co.uk/asset/lpp/v01/326/079.jpg
L29645,1,,https://media.thomson.co.uk/asset/lpp/v01/053/074.jpg
L29645,2,,https://media.thomson.co.uk/asset/lpp/v01/053/072.jpg
CMS003,1,,https://media.thomson.co.uk/asset/lpp/v01/256/599.jpg
CMS003,2,,https://media.thomson.co.uk/asset/lpp/v01/256/603.jpg
CMS003,3,,https://media.thomson.co.uk/asset/lpp/v01/256/605.jpg
CMS003,4,,https://media.thomson.co.uk/asset/lpp/v01/022/950.jpg
CMS003,5,,https://media.thomson.co.uk/asset/lpp/v01/022/964.jpg
L34781,1,Elba Italy,https://media.thomson.co.uk/asset/lpp/v01/125/050.jpg
L34781,2,Elba Italy,https://media.thomson.co.uk/asset/lpp/v01/125/046.jpg
L34781,3,Elba Italy,https://media.thomson.co.uk/asset/lpp/v01/125/032.jpg
L34781,4,Elba Italy,https://media.thomson.co.uk/asset/lpp/v01/125/026.jpg
L34781,5,Poggio Elba Italy,https://media.thomson.co.uk/asset/lpp/v01/124/160.jpg
L34781,6,Portoferraio harbour Elba Italy,https://media.thomson.co.uk/asset/lpp/v01/124/180.jpg
L34781,7,Portoferraio Elba Italy,https://media.thomson.co.uk/asset/lpp/v01/185/921.jpg
L34781,8,Elba Italy,https://media.thomson.co.uk/asset/lpp/v01/125/048.jpg
L34781,9,Fetovaia beach Elba Italy,https://media.thomson.co.uk/asset/lpp/v01/124/176.jpg
002845,1,,https://media.thomson.co.uk/asset/lpp/v01/258/085.jpg
002845,2,Tarragona Spain,https://media.thomson.co.uk/asset/lpp/v01/135/854.jpg
002845,3,Roman Amphitheatre Tarragona Spain,https://media.thomson.co.uk/asset/lpp/v01/135/840.jpg
002845,4,Tarragona Spain,https://media.thomson.co.uk/asset/lpp/v01/135/858.jpg
002845,5,Tarragona Cathedral Spain,https://media.thomson.co.uk/asset/lpp/v01/135/832.jpg
002845,6,Tarragona Cathedral Spain,https://media.thomson.co.uk/asset/lpp/v01/135/844.jpg
L38041,1,Mindelo Cape Verde,https://media.thomson.co.uk/asset/lpp/v01/173/437.jpg
L38042,1,Trujillo Honduras,https://media.thomson.co.uk/asset/lpp/v01/168/240.jpg
L38042,2,Trujillo Honduras,https://media.thomson.co.uk/asset/lpp/v01/184/557.jpg
L38042,3,Trujillo Honduras,https://media.thomson.co.uk/asset/lpp/v01/168/246.jpg
L38042,4,Trujillo Honduras,https://media.thomson.co.uk/asset/lpp/v01/167/714.jpg
L38042,5,Trujillo Honduras,https://media.thomson.co.uk/asset/lpp/v01/168/244.jpg
L38049,1,Kings Wharf Bermuda,https://media.thomson.co.uk/asset/lpp/v01/168/226.jpg
L38049,2,Royal Navy Dockyard Kings Wharf Bermuda,https://media.thomson.co.uk/asset/lpp/v01/168/220.jpg
L39802,1,Ermoupoli Syros,https://media.thomson.co.uk/asset/lpp/v01/192/421.jpg
L39802,2,Ermoupoli Syros,https://media.thomson.co.uk/asset/lpp/v01/192/445.jpg
L39802,3,Cathedral of Saint Nicholas Ermoupoli Syros,https://media.thomson.co.uk/asset/lpp/v01/192/423.jpg
L39802,4,City Hall Ermoupoli Syros,https://media.thomson.co.uk/asset/lpp/v01/192/427.jpg
L39802,5,Ermoupoli Syros,https://media.thomson.co.uk/asset/lpp/v01/192/449.jpg
002636,1,Split Croatia,https://media.thomson.co.uk/asset/lpp/v01/121/567.jpg
002636,2,Diocletians Palace Split Croatia,https://media.thomson.co.uk/asset/lpp/v01/121/547.jpg
002636,3,Split Croatia,https://media.thomson.co.uk/asset/lpp/v00/886/175.jpg
002636,4,Krka falls Croatia,https://media.thomson.co.uk/asset/lpp/v00/617/353.jpg
002636,5,Split Croatia,https://media.thomson.co.uk/asset/lpp/v01/121/577.jpg
002636,6,Split Cathedral Croatia,https://media.thomson.co.uk/asset/lpp/v01/079/680.jpg
002636,7,Split Croatia,https://media.thomson.co.uk/asset/lpp/v01/121/647.jpg
L42265,1,,https://media.thomson.co.uk/asset/lpp/v01/240/502.jpg
L42265,2,,https://media.thomson.co.uk/asset/lpp/v01/240/518.jpg
L42265,3,,https://media.thomson.co.uk/asset/lpp/v01/240/516.jpg
L42266,1,,https://media.thomson.co.uk/asset/lpp/v01/256/029.jpg
L42266,2,Palm Jumeriah Dubai and Emirates,https://media.thomson.co.uk/asset/lpp/v01/232/330.jpg
L42266,3,,https://media.thomson.co.uk/asset/lpp/v01/240/512.jpg
002111,1,Muscat Oman,https://media.thomson.co.uk/asset/lpp/v01/234/236.jpg
002111,2,,https://media.thomson.co.uk/asset/lpp/v01/240/514.jpg
002111,3,Muscat Oman,https://media.thomson.co.uk/asset/lpp/v01/238/060.jpg
002111,4,Muscat Oman,https://media.thomson.co.uk/asset/lpp/v01/234/230.jpg
L42262,1,,https://media.thomson.co.uk/asset/lpp/v01/240/504.jpg
L42262,2,,https://media.thomson.co.uk/asset/lpp/v01/240/510.jpg
L42262,3,,https://media.thomson.co.uk/asset/lpp/v01/239/400.jpg
L42262,4,,https://media.thomson.co.uk/asset/lpp/v01/240/506.jpg
L44064,1,,https://media.thomson.co.uk/asset/lpp/v01/257/927.jpg
L44064,2,,https://media.thomson.co.uk/asset/lpp/v01/257/915.jpg
L44064,3,,https://media.thomson.co.uk/asset/lpp/v01/257/917.jpg
L44064,4,,https://media.thomson.co.uk/asset/lpp/v01/257/913.jpg
L44064,5,,https://media.thomson.co.uk/asset/lpp/v01/257/925.jpg
L44068,1,,https://media.thomson.co.uk/asset/lpp/v01/257/407.jpg
L44068,2,Pisa Catherdral Italy,https://media.thomson.co.uk/asset/lpp/v01/121/667.jpg
L44068,3,,https://media.thomson.co.uk/asset/lpp/v01/257/405.jpg
L44068,4,,https://media.thomson.co.uk/asset/lpp/v01/257/409.jpg
L44068,5,,https://media.thomson.co.uk/asset/lpp/v01/257/421.jpg
L44068,6,Pisa Italy,https://media.thomson.co.uk/asset/lpp/v00/932/777.jpg
L44069,1,,https://media.thomson.co.uk/asset/lpp/v01/257/399.jpg
L44069,2,,https://media.thomson.co.uk/asset/lpp/v01/257/403.jpg
L44069,3,,https://media.thomson.co.uk/asset/lpp/v01/257/401.jpg
L44069,4,,https://media.thomson.co.uk/asset/lpp/v01/257/397.jpg
L44069,5,,https://media.thomson.co.uk/asset/lpp/v01/257/393.jpg
L44071,1,,https://media.thomson.co.uk/asset/lpp/v01/254/017.jpg
L44071,2,,https://media.thomson.co.uk/asset/lpp/v01/254/019.jpg
L44071,3,,https://media.thomson.co.uk/asset/lpp/v01/343/986.jpg
L44071,4,,https://media.thomson.co.uk/asset/lpp/v01/343/732.jpg
L44071,5,,https://media.thomson.co.uk/asset/lpp/v01/343/730.jpg
001181,1,Castries St Lucia,https://media.thomson.co.uk/asset/lpp/v01/034/235.jpg
001181,2,Castries St Lucia,https://media.thomson.co.uk/asset/lpp/v00/974/048.jpg
001181,3,Castries St Lucia,https://media.thomson.co.uk/asset/lpp/v00/982/455.jpg
001181,4,Pigeon Island St Lucia,https://media.thomson.co.uk/asset/lpp/v01/079/596.jpg
001181,5,Castries St Lucia,https://media.thomson.co.uk/asset/lpp/v00/968/857.jpg
001181,6,Castries St Lucia,https://media.thomson.co.uk/asset/lpp/v00/968/859.jpg
001181,7,Castries St Lucia,https://media.thomson.co.uk/asset/lpp/v01/079/648.jpg
001181,8,Castries St Lucia,https://media.thomson.co.uk/asset/lpp/v01/017/237.jpg
001181,9,,https://media.thomson.co.uk/asset/lpp/v01/259/827.jpg
L46050,1,,https://media.thomson.co.uk/asset/lpp/v01/309/044.jpg
L46050,2,,https://media.thomson.co.uk/asset/lpp/v01/309/048.jpg
L46050,3,,https://media.thomson.co.uk/asset/lpp/v01/309/046.jpg
L46052,1,,https://media.thomson.co.uk/asset/lpp/v01/309/390.jpg
L46052,2,,https://media.thomson.co.uk/asset/lpp/v01/119/865.jpg
L46052,3,,https://media.thomson.co.uk/asset/lpp/v01/106/626.jpg
000703,1,,https://media.thomson.co.uk/asset/lpp/v01/301/806.jpg
000703,2,,https://media.thomson.co.uk/asset/lpp/v01/301/810.jpg
000703,3,,https://media.thomson.co.uk/asset/lpp/v01/301/808.jpg
002272,1,,https://media.thomson.co.uk/asset/lpp/v01/299/290.jpg
002272,2,,https://media.thomson.co.uk/asset/lpp/v01/299/294.jpg
002272,3,,https://media.thomson.co.uk/asset/lpp/v01/299/292.jpg
L47106,1,St Nazaire South Brittany France,https://media.thomson.co.uk/asset/lpp/v01/326/083.jpg
L47107,1,Asinara Island Sardinia,https://media.thomson.co.uk/asset/lpp/v01/205/134.jpg
L47107,2,Spiaggia di Balai Porto Torres,https://media.thomson.co.uk/asset/lpp/v01/326/103.jpg
L47107,3,The Basilica of San Gavino,https://media.thomson.co.uk/asset/lpp/v01/326/087.jpg
L47118,1,,https://media.thomson.co.uk/asset/lpp/v01/326/077.jpg
L47118,2,Bodo Norway,https://media.thomson.co.uk/asset/lpp/v01/117/588.jpg
L47222,1,,https://media.thomson.co.uk/asset/lpp/v01/331/261.jpg
L47222,2,,https://media.thomson.co.uk/asset/lpp/v01/331/263.jpg
L47222,3,,https://media.thomson.co.uk/asset/lpp/v01/331/259.jpg
002847,1,,https://media.thomson.co.uk/asset/lpp/v01/326/750.jpg
L47722,1,,https://media.thomson.co.uk/asset/lpp/v01/121/627.jpg
L47722,2,,https://media.thomson.co.uk/asset/lpp/v01/121/709.jpg
L47722,3,,https://media.thomson.co.uk/asset/lpp/v00/977/872.jpg
L48462,1,Port Blair India,https://media.thomson.co.uk/asset/lpp/v01/357/809.jpg
L48462,2,Port Blair Cellular Jail Andaman Islands India,https://media.thomson.co.uk/asset/lpp/v01/362/954.jpg
L48462,3,Ruins Ross Island Andaman Islands India,https://media.thomson.co.uk/asset/lpp/v01/362/952.jpg
L48463,1,Phu My Vietnam,https://media.thomson.co.uk/asset/lpp/v01/354/180.jpg
L48463,2,Notre Dame Cathedral Ho Chi Minh City,https://media.thomson.co.uk/asset/lpp/v01/308/988.jpg
L48463,3,Bun Cham Vietnamese Noodle noodles with grilled pork,https://media.thomson.co.uk/asset/lpp/v01/310/048.jpg
L48463,4,Reunification Palace Ho Chi Minh City,https://media.thomson.co.uk/asset/lpp/v01/308/960.jpg
L48463,5,Cu Chi Tunnel Vietnam,https://media.thomson.co.uk/asset/lpp/v01/310/190.jpg
L48467,1,Wat Leu Sihanoukville Cambodia,https://media.thomson.co.uk/asset/lpp/v01/362/948.jpg
L48467,2,Beach Koh Rong Island Cambodia,https://media.thomson.co.uk/asset/lpp/v01/362/950.jpg
L48467,3,Sihanoukville Beach Cambodia,https://media.thomson.co.uk/asset/lpp/v01/354/182.jpg
L48471,1,Sabang Indonesia,https://media.thomson.co.uk/asset/lpp/v01/359/937.jpg
L48482,1,Mangalore India,https://media.thomson.co.uk/asset/lpp/v01/362/946.jpg
L48482,2,Mangalore India,https://media.thomson.co.uk/asset/lpp/v01/357/811.jpg
L48482,3,St Lawrence Minor Basilica Karkala Mangalore India,https://media.thomson.co.uk/asset/lpp/v01/362/944.jpg
L48483,1,Walkway along the river town of Melaka Malaysia,https://media.thomson.co.uk/asset/lpp/v01/361/484.jpg
L48483,2,Christ Church Melaka Malaysia,https://media.thomson.co.uk/asset/lpp/v01/361/488.jpg
L48483,3,A&#8217;Famosa Fort Melaka Malaysia,https://media.thomson.co.uk/asset/lpp/v01/361/482.jpg
L48486,1,Wat Arun Buddist Temple Bangkok Thailand,https://media.thomson.co.uk/asset/lpp/v01/361/478.jpg
L48486,2,Bangkok Thailand,https://media.thomson.co.uk/asset/lpp/v01/272/046.jpg
L48486,3,Sanctuary of Truth Pattaya Thailand,https://media.thomson.co.uk/asset/lpp/v01/361/476.jpg
L48486,4,Nong Nooch Botanical Garden Pattaya Thailand,https://media.thomson.co.uk/asset/lpp/v01/361/480.jpg
L48488,1,Klang Royal Mosque Klang Malaysia,https://media.thomson.co.uk/asset/lpp/v01/359/939.jpg
L48488,2,Kuala Lumpur Malaysia,https://media.thomson.co.uk/asset/lpp/v01/362/942.jpg
L48488,3,Batu Caves entrance near Kuala Lumpur Malaysia,https://media.thomson.co.uk/asset/lpp/v01/362/940.jpg
004476,1,,https://media.thomson.co.uk/asset/lpp/v01/357/817.jpg
004476,2,Santa Cruz Basilica Fort Kochi India,https://media.thomson.co.uk/asset/lpp/v01/360/794.jpg
004476,3,,https://media.thomson.co.uk/asset/lpp/v01/340/982.jpg
004476,4,Kochi India,https://media.thomson.co.uk/asset/lpp/v01/360/792.jpg
L48490,1,Our Lady of the Immaculate Conception Church Panjim Goa India,https://media.thomson.co.uk/asset/lpp/v01/111/981.jpg
L48490,2,Dona Paula Cape Goa,https://media.thomson.co.uk/asset/lpp/v01/362/924.jpg
L48490,3,Maruti Temple Panjim Goa,https://media.thomson.co.uk/asset/lpp/v01/362/932.jpg
L48492,1,,https://media.thomson.co.uk/asset/lpp/v01/357/807.jpg
L48492,2,,https://media.thomson.co.uk/asset/lpp/v00/903/883.jpg
L48492,3,,https://media.thomson.co.uk/asset/lpp/v00/617/179.jpg
L48492,4,,https://media.thomson.co.uk/asset/lpp/v00/828/618.jpg
L48492,5,,https://media.thomson.co.uk/asset/lpp/v01/141/953.jpg
001629,1,Naples Italy,https://media.thomson.co.uk/asset/lpp/v01/121/535.jpg
001629,2,Mount Vesuvius Naples Italy,https://media.thomson.co.uk/asset/lpp/v01/121/411.jpg
001629,3,Capri Island Italy,https://media.thomson.co.uk/asset/lpp/v01/121/427.jpg
001629,4,Mount Vesuvius Naples,https://media.thomson.co.uk/asset/lpp/v01/051/832.jpg
001629,5,Naples Italy,https://media.thomson.co.uk/asset/lpp/v01/121/649.jpg
001629,6,Naples Italy,https://media.thomson.co.uk/asset/lpp/v01/114/399.jpg
001629,7,Naples Italy,https://media.thomson.co.uk/asset/lpp/v00/984/984.jpg
001629,8,Amalfi Coast Italy,https://media.thomson.co.uk/asset/lpp/v01/080/782.jpg
001629,9,Church of St.Andrea Amalfi Italy,https://media.thomson.co.uk/asset/lpp/v01/092/178.jpg
001629,10,Naples Italy,https://media.thomson.co.uk/asset/lpp/v01/121/557.jpg
001629,11,,https://media.thomson.co.uk/asset/lpp/v01/192/289.jpg
001629,12,Naples Italy,https://media.thomson.co.uk/asset/lpp/v01/121/441.jpg
001629,13,Naples Italy,https://media.thomson.co.uk/asset/lpp/v01/092/164.jpg
